Workbook
Name Checking: #REF!
Name Densities: INPUT_DATA!$H$4:$H$195
Name ENDCONNECTION: #REF!
Name Enthalpies: INPUT_DATA!$J$4:$J$195
Name EquipmentTags: LIST_OF_EQUIPMENT!$B$3:$B$31
Name FlowRates_kghr: INPUT_DATA!$D$4:$D$195
Name FlowRates_kgs: INPUT_DATA!$C$4:$C$195
Name FluidCategories: FluidList!$A$1:$A$6
Name LineNumbers: 'LIST OF LINES'!$B$4:$B$214
Name LineTags: INPUT_DATA!$A$4:$A$195
Name LOE_EquipNames: LIST_OF_EQUIPMENT!$A$3:$A$31
Name LOE_EquipTags: LIST_OF_EQUIPMENT!$B$3:$B$31
Name LOE_Pressures: LIST_OF_EQUIPMENT!$C$3:$C$31
Name LOE_Temperatures: LIST_OF_EQUIPMENT!$D$3:$D$31
Name LOL_LineNumbers: 'LIST OF LINES'!$B$4:$B$214
Name LOL_LineTags: 'LIST OF LINES'!$D$4:$D$214
Name MATERIALFORM: #REF!
Name NB: #REF!
Name PipeIDs: 'Pipe Table'!$A$2:$B$19
Name PipeReference: 'Pipe Table'!$A$2:$E$19
Name Pressures_bar: INPUT_DATA!$F$4:$F$195
Name Pressures_mbar: INPUT_DATA!$E$4:$E$195
Name SCHEDULE: #REF!
Name SHAPES: #REF!
Name StreamData: INPUT_DATA!$A$4:$J$195
Name TDS_Values: INPUT_DATA!$I$4:$I$195
Name Temperatures: INPUT_DATA!$G$4:$G$195
Name VALVELIST: #REF!
Name VALVEPURPOSE: #REF!

Sheet DATA_DICTIONARY
A1: DATA DICTIONARY - PROCESS MASTER DATA
A3: 1. SHEET RELATIONSHIPS
A4: Sheet Name | B4: Type | C4: Description
A5: INPUT_DATA | B5: Master sheet | C5: Contains all stream process data (flow, pressure, temp, etc.)
A6: LIST_OF_EQUIPMENT | B6: Dependent | C6: References INPUT_DATA for operating conditions and fluid connections
A7: LIST OF LINES | B7: Dependent | C7: References INPUT_DATA for sizing; Uses Pipe Table for selection
A8: LIST OF INSTRUMENTS | B8: Dependent | C8: References LIST OF LINES and INPUT_DATA for process conditions
A9: LIST OF VALVES | B9: Dependent | C9: References LIST OF LINES and INPUT_DATA for process conditions
A10: Pipe Table | B10: Reference | C10: Static lookup table for Schedule 40 pipe dimensions
A12: 2. NAMED RANGES
A13: Named Range | B13: Sheet | C13: Range | D13: Description
A14: StreamData | B14: INPUT_DATA | C14: $A$4:$J$195 | D14: All stream process data
A15: LineTags | B15: INPUT_DATA | C15: $A$4:$A$195 | D15: Line tag identifiers (primary key)
A16: FlowRates_kgs | B16: INPUT_DATA | C16: $C$4:$C$195 | D16: Flow rates in kg/s
A17: FlowRates_kghr | B17: INPUT_DATA | C17: $D$4:$D$195 | D17: Flow rates in kg/hr
A18: Pressures_mbar | B18: INPUT_DATA | C18: $E$4:$E$195 | D18: Pressures in mbar (absolute)
A19: Pressures_bar | B19: INPUT_DATA | C19: $F$4:$F$195 | D19: Pressures in bar (absolute)
A20: Temperatures | B20: INPUT_DATA | C20: $G$4:$G$195 | D20: Temperatures in °C
A21: Densities | B21: INPUT_DATA | C21: $H$4:$H$195 | D21: Densities in kg/m³
A22: TDS_Values | B22: INPUT_DATA | C22: $I$4:$I$195 | D22: Total Dissolved Solids in ppm
A23: Enthalpies | B23: INPUT_DATA | C23: $J$4:$J$195 | D23: Enthalpy in kJ/kg
A24: PipeReference | B24: Pipe Table | C24: $A$2:$E$19 | D24: Pipe sizing lookup table
... A27: LineNumbers | B27: LIST OF LINES | C27: $B$4:$B$214 | D27: Line numbers for validation
A29: 3. FLUID CATEGORIES
A30: Category | B30: Tag Range | C30: Description
A31: SEA WATER | B31: SW1 - SW17 | C31: Incoming seawater streams
A32: BRINE WATER | B32: B1 - B23 | C32: Concentrated brine streams
A33: DISTILLATE WATER | B33: D1 - D25 | C33: Product distillate streams
A34: STEAM | B34: ST1 - ST16 | C34: Steam and vapor streams
A35: NCG | B35: NCG1 - NCG12 | C35: Non-condensable gas streams
A36: FEED WATER | B36: FW1 - FW95 | C36: Feed water streams to effects
A38: 4. FORMULA PATTERNS (for reference)
A39: Purpose | B39: Formula Pattern | C39: Notes
A40: Lookup Pressure | B40: =IFERROR(INDEX(Pressures_bar,MATCH(LineTag,LineTags,0)),"") | C40: Get pressure by line tag
A41: Lookup Flow | B41: =IFERROR(INDEX(FlowRates_kgs,MATCH(LineTag,LineTags,0)),"") | C41: Get flow rate by line tag
A42: Lookup Temperature | B42: =IFERROR(INDEX(Temperatures,MATCH(LineTag,LineTags,0)),"") | C42: Get temperature by line tag
A43: Lookup Density | B43: =IFERROR(INDEX(Densities,MATCH(LineTag,LineTags,0)),"") | C43: Get density by line tag
A44: Pipe Size Selection | B44: =IFERROR(VLOOKUP(ROUNDUP(CalcID,-1),PipeReference,2,FALSE),"Check") -> Check | C44: Select pipe from calculated ID
A46: 5. DATA VALIDATION RULES
A47: Sheet | B47: Field | C47: Validation Type
A48: LIST OF LINES | B48: Column D (Input Data) | C48: Dropdown from LineTags
A49: LIST OF INSTRUMENTS | B49: Column C (Line No.) | C49: Dropdown from LineNumbers
A50: LIST OF INSTRUMENTS | B50: Column H (Fluid) | C50: Dropdown from fluid categories
A51: LIST OF VALVES | B51: Column C (Line Number) | C51: Dropdown from LineNumbers
A52: LIST OF VALVES | B52: Column I (Fluid) | C52: Dropdown from fluid categories
A53: LIST_OF_EQUIPMENT | B53: Columns E-M (Fluids) | C53: Dropdown from LineTags
A55: 6. LOOKUP CHAIN FOR INSTRUMENTS
A56: LIST OF INSTRUMENTS.Line No (Col C) | B56: → LIST OF LINES.Line No (Col B) → Line Tag (Col D) | C56: → INPUT_DATA.Line Tag (Col A) → Values

Sheet INPUT_DATA
A1: Line Tag | B1: Description | C1: Flow Rate | D1: Flow Rate | E1: Pressure | F1: Pressure | G1: Temperature | H1: Density | I1: TDS | J1: Enthalpy (Ref: Pure Water, 0 C, 1 atm) | L1: NOTE: This sheet is the Master Data source
A2: Unit | C2: kg/s | D2: kg/hr | E2: mbar (a) | F2: bar a | G2: °C | H2: kg/m³ | I2: ppm | J2: kJ/kg | L2: Named ranges defined: LineTags, FlowRates_kgs, Pressures_bar, etc.
A3: SEA WATER | L3: See DATA_DICTIONARY sheet for full documentation
A4: SW1 | C4: 32.089504 | D4: =C4*3600 -> 115522.21 | E4: =F4*1000 -> 1000 | F4: 1 | G4: 30 | H4: 1026.3219 | I4: 39504.432 | J4: 448.44018
A5: SW2 | C5: 32.089504 | D5: =C5*3600 -> 115522.21 | E5: =F5*1000 -> 3500 | F5: 3.5 | G5: 30.086198 | H5: 1026.408 | I5: 39504.432 | J5: 448.78213
A6: SW3 | C6: 11.19 | D6: =C6*3600 -> 40284 | E6: =F6*1000 -> 3500 | F6: 3.5 | G6: 30.086304 | H6: 1026.41 | I6: 39504.432 | J6: 448.78255
A7: SW4 | C7: 11.189504 | D7: =C7*3600 -> 40282.214 | E7: =F7*1000 -> 3500 | F7: 3.5 | G7: 36 | H7: 1024.39 | I7: 39504.432 | J7: 448.78255
A8: SW5 | C8: =$C$7/3 -> 3.7298347 | D8: =$D$7/3 -> 13427.405 | E8: =F8*1000 -> 3500 | F8: 3.5 | G8: 36 | H8: 1024.39 | I8: 39504.432 | J8: 448.78255
A9: SW6 | C9: =$C$7/3 -> 3.7298347 | D9: =$D$7/3 -> 13427.405 | E9: =F9*1000 -> 3500 | F9: 3.5 | G9: 36 | H9: 1024.39 | I9: 39504.432 | J9: 448.78255
A10: SW7 | C10: =$C$7/3 -> 3.7298347 | D10: =$D$7/3 -> 13427.405 | E10: =F10*1000 -> 3500 | F10: 3.5 | G10: 36 | H10: 1024.39 | I10: 39504.432 | J10: 448.78255
A11: SW8 | C11: 9.9 | D11: =C11*3600 -> 35640 | E11: =F11*1000 -> 3500 | F11: 3.5 | G11: 30.09 | H11: 1024.39 | I11: 39504.432 | J11: 474.0602
A12: SW9 | C12: 9.9 | D12: =C12*3600 -> 35640 | E12: =F12*1000 -> 3500 | F12: 3.5 | G12: 36.45 | H12: 1026.41 | I12: 39504.432 | J12: 474.0602
A13: SW10 | C13: =$C$12/3 -> 3.3 | D13: =$D$12/3 -> 11880 | E13: =F13*1000 -> 3500 | F13: 3.5 | G13: 36.45 | H13: 1026.41 | I13: 39504.432 | J13: 474.0602
A14: SW11 | C14: =$C$12/3 -> 3.3 | D14: =$D$12/3 -> 11880 | E14: =F14*1000 -> 3500 | F14: 3.5 | G14: 36.45 | H14: 1026.41 | I14: 39504.432 | J14: 474.0602
A15: SW12 | C15: =$C$12/3 -> 3.3 | D15: =$D$12/3 -> 11880 | E15: =F15*1000 -> 3500 | F15: 3.5 | G15: 36.45 | H15: 1026.41 | I15: 39504.432 | J15: 474.0602
A16: SW13 | C16: 11 | D16: =C16*3600 -> 39600 | E16: =F16*1000 -> 3500 | F16: 3.5 | G16: 30.086304 | H16: 1024.2273 | I16: 39504.432 | J16: 472.25189
A17: SW14 | C17: 11 | D17: =C17*3600 -> 39600 | E17: =F17*1000 -> 3500 | F17: 3.5 | G17: 33.90938 | H17: 1026.408 | I17: 39504.432 | J17: 463.96298
A18: SW15 | C18: =$C$17/3 -> 3.6666667 | D18: =$D$17/3 -> 13200 | E18: =F18*1000 -> 3500 | F18: 3.5 | G18: 33.90938 | H18: 1026.408 | I18: 39504.432 | J18: 463.96298
A19: SW16 | C19: =$C$17/3 -> 3.6666667 | D19: =$D$17/3 -> 13200 | E19: =F19*1000 -> 3500 | F19: 3.5 | G19: 33.90938 | H19: 1026.408 | I19: 39504.432 | J19: 463.96298
A20: SW17 | C20: =$C$17/3 -> 3.6666667 | D20: =$D$17/3 -> 13200 | E20: =F20*1000 -> 3500 | F20: 3.5 | G20: 33.90938 | H20: 1026.408 | I20: 39504.432 | J20: 463.96298
A21: BRINE WATER
A22: B1 | B22: Siphon 1 | C22: =D22/3600 -> 4.07 | D22: 14652 | E22: 259.4 | G22: 66.55 | H22: 1043.56 | I22: 63600 | J22: 785.32514
A23: B2 | B23: Siphon 2 | C23: =D23/3600 -> 8.33 | D23: 29988 | E23: 219.6 | G23: 62.81 | H23: 1042.53 | I23: 62100 | J23: 758.99352
A24: B3 | B24: Siphon 3 | C24: =D24/3600 -> 12.73 | D24: 45828 | E24: 188 | G24: 59.4 | H24: 1041.71 | I24: 60900 | J24: 736.64506
A25: B4 | B25: Siphon 4 | C25: =D25/3600 -> 17.26 | D25: 62136 | E25: 161.8 | G25: 56.2 | H25: 1041.51 | I25: 60600 | J25: 721.74694
A26: B5 | B26: Siphon 5 | C26: =D26/3600 -> 21.81 | D26: 78516 | E26: 139.5 | G26: 53.1 | H26: 1041.37 | I26: 60400 | J26: 707.63335
A27: B6 | B27: Siphon 6 | C27: =D27/3600 -> 26.34 | D27: 94824 | E27: 119.8 | G27: 50 | H27: 1041.3 | I27: 60300 | J27: 694.7095
A28: B7 | B28: Siphon 7 | C28: =D28/3600 -> 31.02 | D28: 111672 | E28: 101.7 | G28: 46.72 | H28: 1041.16 | I28: 60100 | J28: 680.44776
A29: B8 | B29: Siphon 8 | C29: =D29/3600 -> 35.55 | D29: 127980 | E29: 94.6 | G29: 43.14 | H29: 1041.23 | I29: 60200 | J29: 667.45544
A30: B9 | B30: To brine tank | C30: =D30/3600 -> 39.83 | D30: 143388 | E30: 68 | G30: 39 | H30: 1041.51 | I30: 60600 | J30: 655.18615
A31: B10 | B31: Brine tank to Brine pump skid | C31: 39.833514 | D31: =C31*3600 -> 143400.65 | E31: =F31*1000 -> 2500 | F31: 2.5 | G31: 39.070967 | H31: 1039.7242 | I31: =I30 -> 60600 | J31: 655.4602
A32: B11 | C32: HOLD | D32: =C32*3600 -> #VALUE! | E32: =F32*1000 -> 2500 | F32: 2.5 | G32: 37.44739 | H32: 1040.3579 | J32: 649.17815
A33: B12 | C33: HOLD | D33: =C33*3600 -> #VALUE! | E33: =F33*1000 -> 2500 | F33: 2.5 | G33: 37.44739 | H33: 1040.3579 | J33: 649.17815
A34: B13 | C34: 18.925 | D34: =C34*3600 -> 68130 | E34: =F34*1000 -> 2500 | F34: 2.5 | G34: 37.44739 | H34: 1040.3579 | I34: 60600 | J34: 649.17815
A35: B14 | C35: 18.925 | D35: =C35*3600 -> 68130 | E35: =F35*1000 -> 2500 | F35: 2.5 | G35: 37.44739 | H35: 1040.3579 | I35: 60600 | J35: 649.17815
A36: B15 | B36: EFF-1 | C36: 1.84 | D36: =C36*60*60 -> 6624 | E36: =F36*1000 -> 2500 | F36: 2.5 | G36: 37.44739 | H36: 1040.3579 | I36: 60600 | J36: 649.17815
A37: B16 | B37: EFF-2 | C37: 1.84 | D37: =C37*60*60 -> 6624 | E37: =F37*1000 -> 2500 | F37: 2.5 | G37: 37.44739 | H37: 1040.3579 | I37: 60600 | J37: 649.17815
A38: B17 | B38: EFF-3 | C38: 1.83 | D38: =C38*60*60 -> 6588 | E38: =F38*1000 -> 2500 | F38: 2.5 | G38: 37.44739 | H38: 1040.3579 | I38: 60600 | J38: 649.17815
A39: B18 | B39: EFF-4 | C39: 2.31 | D39: =C39*60*60 -> 8316 | E39: =F39*1000 -> 2500 | F39: 2.5 | G39: 37.44739 | H39: 1040.3579 | I39: 60600 | J39: 649.17815
A40: B19 | B40: EFF-5 | C40: 2.31 | D40: =C40*60*60 -> 8316 | E40: =F40*1000 -> 2500 | F40: 2.5 | G40: 37.44739 | H40: 1040.3579 | I40: 60600 | J40: 649.17815
A41: B20 | B41: EFF-6 | C41: 2.31 | D41: =C41*60*60 -> 8316 | E41: =F41*1000 -> 2500 | F41: 2.5 | G41: 37.44739 | H41: 1040.3579 | I41: 60600 | J41: 649.17815
A42: B21 | B42: EFF-7 | C42: 2.16 | D42: =C42*60*60 -> 7776 | E42: =F42*1000 -> 2500 | F42: 2.5 | G42: 37.44739 | H42: 1040.3579 | I42: 60600 | J42: 649.17815
A43: B22 | B43: EFF-8 | C43: 2.16 | D43: =C43*60*60 -> 7776 | E43: =F43*1000 -> 2500 | F43: 2.5 | G43: 37.44739 | H43: 1040.3579 | I43: 60600 | J43: 649.17815
A44: B23 | B44: EFF-9 | C44: 2.16 | D44: =C44*60*60 -> 7776 | E44: =F44*1000 -> 2500 | F44: 2.5 | G44: 37.44739 | H44: 1040.3579 | I44: 60600 | J44: 649.17815
A45: DISTILLATE WATER
A46: D1 | C46: =D46/3600 -> 1.88 | D46: 6768 | E46: 320.5 | G46: 70.59 | H46: 988.028 | I46: NIL | J46: 412.8
A47: D2 | C47: =D47/3600 -> 3.38 | D47: 12168 | E47: 259.4 | G47: 65.74 | H47: 989.708 | I47: NIL | J47: 331.6
A48: D3 | C48: =D48/3600 -> 4.68 | D48: 16848 | E48: 219.6 | G48: 62.02 | H48: 990.911 | I48: NIL | J48: 295.7
A49: D4 | C49: =D49/3600 -> 5.84 | D49: 21024 | E49: 188 | G49: 58.62 | H49: 991.945 | I49: NIL | J49: 271.7
A50: D5 | C50: =D50/3600 -> 6.93 | D50: 24948 | E50: 161.8 | G50: 55.43 | H50: 992.858 | I50: NIL | J50: 253
A51: D6 | C51: =D51/3600 -> 7.98 | D51: 28728 | E51: 139.5 | G51: 52.33 | H51: 993.693 | I51: NIL | J51: 237.1
A52: D7 | C52: =D52/3600 -> 9.06 | D52: 32616 | E52: 119.8 | G52: 49.23 | H52: 994.476 | I52: NIL | J52: 222.6
A53: D8 | C53: =D53/3600 -> 10.21 | D53: 36756 | E53: 101.7 | G53: 45.97 | H53: 995.244 | I53: NIL | J53: 208.2
A54: D9 | C54: =D54/3600 -> 11.51 | D54: 41436 | E54: 84.6 | G54: =((42.405)*1.42+(10.09*42.4044))/(C54) -> 42.404474 | H54: 996.019 | I54: NIL | J54: 193.31877
A55: D10 | C55: 11.58 | D55: =C55*3600 -> 41688 | E55: =F55*1000 -> 1500 | F55: 1.5 | G55: 42.493588 | H55: 991.33398 | I55: NIL | J55: 177.86966
A56: D11 | C56: 11.58 | D56: 41688 | G56: 42.493588 | H56: 991.33398 | I56: NIL | J56: 177.86966
A57: D12 | C57: 11.58 | D57: 41688 | H57: 991.33398 | I57: NIL | J57: 177.86966
A58: D13 | B58: INITIAL FILL UP IN | C58: 6.94 | D58: =C58*3600 -> 24984 | G58: 30 | H58: 996.019 | J58: 125.91
A59: D14 | B59: MAKE UP | C59: =C61+C62+C63 -> 0.46821939 | D59: =C59*3600 -> 1685.5898 | G59: 30 | H59: 996.019 | J59: 154.86008
A60: D15 | B60: INITIAL FILL UP OUT | C60: 0.611 | D60: =C60*3600 -> 2199.6 | G60: 30 | H60: 996.019 | J60: 154.86008
A61: D16 | C61: 0.04 | D61: =C61*3600 -> 144 | G61: 30 | H61: 993.44785 | J61: 154.86008
A62: D17 | C62: 0.28821939 | D62: =C62*3600 -> 1037.5898 | E62: =F62*1000 -> 1500 | F62: 1.5 | G62: 36.986874 | H62: 993.44785 | I62: NIL | J62: 154.86008
A63: D18 | B63: DS-SUPER HEATER | C63: 0.14 | D63: =C63*3600 -> 504 | G63: 30 | H63: 996.019 | J63: 154.86008
A64: D19 | C64: 6.2462516 | D64: 22500 | E64: 1100 | G64: 65 | H64: 980.51871 | I64: NIL | J64: 272.00286
A65: D20 | C65: 5.9580322 | D65: 21456 | E65: 68 | G65: 38.39 | H65: 992.86869 | I65: NIL | J65: 160.71736
A66: D21 | C66: =C65+C244 -> 5.9580322 | D66: =C66*3600 -> 21448.916 | E66: =E65 -> 68 | G66: 38.33 | I66: NIL | J66: #VALUE!
A67: D22 | C67: 3.1 | D67: 11160 | E67: 1200 | G67: 78 | H67: 972.92379 | I67: NIL | J67: 326.48928
A68: D23 | C68: 3.0588346 | D68: 11016 | E68: 320.5 | G68: 70 | H68: 977.32147 | I68: NIL | J68: 295.46075
A69: D24 | C69: =C68+C72 -> 4.5588346 | D69: =C69*3600 -> 16411.805 | E69: =E68 -> 320.5 | G69: 69.56 | I69: NIL | J69: #REF!
A70: D25 | B70: FC - Distillate Outlet | C70: 0.070788069 | D70: =C70*3600 -> 254.83705 | E70: =F70*1000 -> 67.970007 | F70: 0.067970007 | G70: 34.909811 | H70: 994.12085 | I70: NIL | J70: 146.18193
A71: STEAM
A72: S1 | C72: =D72/3600 -> 1.5 | D72: 5400 | E72: 259.4 | G72: 66.55 | H72: 0.16317 | I72: NIL | J72: 2625.3696
A73: S2 | C73: =D73/3600 -> 1.3 | D73: 4680 | E73: 219.6 | G73: 62.81 | H73: 0.13921 | I73: NIL | J73: 2618.5701
A74: S3 | C74: =D74/3600 -> 1.16 | D74: 4176 | E74: 188 | G74: 59.4 | H74: 0.12016 | I74: NIL | J74: 2612.3605
A75: S4 | C75: =D75/3600 -> 1.08 | D75: 3888 | E75: 161.8 | G75: 56.2 | H75: 0.10435 | I75: NIL | J75: 2606.3946
A76: S5 | C76: =D76/3600 -> 1.06 | D76: 3816 | E76: 139.5 | G76: 53.1 | H76: 0.09086 | I76: NIL | J76: 2600.6747
A77: S6 | C77: =D77/3600 -> 1.08 | D77: 3888 | E77: 119.8 | G77: 50 | H77: 0.07892 | I77: NIL | J77: 2594.9064
A78: S7 | C78: =D78/3600 -> 1.15 | D78: 4140 | E78: 101.7 | G78: 46.72 | H78: 0.06791 | I78: NIL | J78: 2588.8576
A79: S8 | C79: =D79/3600 -> 1.3 | D79: 4680 | E79: 84.6 | G79: 43.14 | H79: 0.05745 | I79: NIL | J79: 2582.1079
A80: S9 | C80: 1.84 | D80: =C80*3600 -> 6624 | E80: 68 | G80: 39 | H80: 0.04722 | I80: NIL | J80: 2574.2868
A81: S10 | B81: MVC-1 OUTLET
A82: S11 | B82: MVC-2 OUTLET
A83: S12 | B83: MVC-3 OUTLET
A84: S13 | B84: S10 ADDED IN S9 | C84: 0.29 | D84: =C84*3600 -> 1044 | E84: =F84*1000 -> 67.969461 | F84: 0.067969461 | G84: 38.388778 | H84: 0.047309447 | I84: NIL | J84: 2572.4816
A85: S14 | C85: 0.041165354 | D85: =C85*3600 -> 148.19527 | E85: =F85*1000 -> 320.45592 | F85: 0.32045592 | G85: 70.6 | H85: 0.20256018 | I85: NIL | J85: 2632.0969
A86: SM | B86: HTFV + MVC-3 OUTLET | C86: 1.879 | D86: =C86*3600 -> 6764.4 | E86: 320.46 | F86: =E86/1000 -> 0.32046 | G86: 70.6 | H86: 0.20256358 | I86: NIL | J86: 2632.6397
A87: NON CONDENSABLE GAS
A88: NCG1 | C88: =D88/3600 -> 0.00012613889 | D88: 0.4541 | E88: 320 | G88: 36.5 | H88: 0.32860311
A89: NCG2 | C89: =D89/3600 -> 0.00025680556 | D89: 0.9245 | E89: 259 | G89: 36.5 | H89: 0.25987611
A90: NCG3 | C90: =D90/3600 -> 0.00039786111 | D90: 1.4323 | E90: 219 | G90: 36.5 | H90: 0.21216308
A91: NCG4 | C91: =D91/3600 -> 0.00055730556 | D91: 2.0063 | E91: 187 | G91: 36.9 | H91: 0.18040608
A92: NCG5 | C92: =D92/3600 -> 0.00073813889 | D92: 2.6573 | E92: 161 | G92: 36.9 | H92: 0.15148078
A93: NCG6 | C93: =D93/3600 -> 0.00095905556 | D93: 3.4526 | E93: 138 | G93: 36.9 | H93: 0.12632252
A94: NCG7 | C94: =D94/3600 -> 0.0011809722 | D94: 4.2515 | E94: 119 | G94: 35.7 | H94: 0.1074064
A95: NCG8 | C95: =D95/3600 -> 0.0057625 | D95: 20.745 | E95: 100 | G95: 44.01 | H95: 0.072101938
A96: NCG9 | C96: =D96/3600 -> 0.032908333 | D96: 118.47 | E96: 82 | G96: 41.91 | H96: 0.056641586
A97: NCG10
A98: NCG11 | B98: LRVP INLET
A99: NCG12 | B99: LRVP OUTLET
A100: FEED WATER
...

Sheet LIST_OF_EQUIPMENT
A1: Equipment Name | B1: Equipment Tag No. | C1: Operating Pressure | D1: Operating Temperature | E1: Fluid_In_1 | F1: Fluid_In_2 | G1: Fluid_In_3 | H1: Fluid_In_4 | I1: Fluid_In_5 | J1: Fluid_Out_1 | K1: Fluid_Out_2 | L1: Fluid_Out_3 | M1: Fluid_Out_4
A2: Units | C2: mbar (a) | D2: °C
A3: Low Temperature Flash Vessel | B3: LTFV | C3: =INPUT_DATA!E84 -> 67.969461 | D3: =INPUT_DATA!G84 -> 38.388778 | E3: =INPUT_DATA!A64 -> D19 | J3: =INPUT_DATA!A65 -> D20 | K3: =INPUT_DATA!A84 -> S13
A4: High Temperature Flash Vessel | B4: HTFV | C4: =INPUT_DATA!E85 -> 320.45592 | D4: =INPUT_DATA!G85 -> 70.6 | E4: =INPUT_DATA!A67 -> D22 | J4: =INPUT_DATA!A68 -> D23 | K4: =INPUT_DATA!A85 -> S14
A5: MED Train - 1 | B5: MED - E1 | C5: =INPUT_DATA!E86 -> 320.46 | D5: =INPUT_DATA!G86 -> 70.6 | E5: =INPUT_DATA!A84 -> S13 | F5: =INPUT_DATA!A85 -> S14 | G5: =INPUT_DATA!A101 -> F1 | J5: =INPUT_DATA!A22 -> B1 | K5: =INPUT_DATA!A46 -> D1 | L5: =INPUT_DATA!A72 -> S1 | M5: =INPUT_DATA!A88 -> NCG1
A6: MED Train - 1 | B6: MED - E2 | C6: =INPUT_DATA!E72 -> 259.4 | D6: =INPUT_DATA!G72 -> 66.55 | E6: =INPUT_DATA!A72 -> S1 | F6: =INPUT_DATA!A88 -> NCG1 | G6: =INPUT_DATA!A112 -> F2 | H6: =INPUT_DATA!A22 -> B1 | I6: =INPUT_DATA!A46 -> D1 | J6: =INPUT_DATA!A23 -> B2 | K6: =INPUT_DATA!A47 -> D2 | L6: =INPUT_DATA!A73 -> S2 | M6: =INPUT_DATA!A89 -> NCG2
A7: MED Train - 1 | B7: MED - E3 | C7: =INPUT_DATA!E73 -> 219.6 | D7: =INPUT_DATA!G73 -> 62.81 | E7: =INPUT_DATA!A73 -> S2 | F7: =INPUT_DATA!A89 -> NCG2 | G7: =INPUT_DATA!A123 -> F3 | H7: =INPUT_DATA!A23 -> B2 | I7: =INPUT_DATA!A47 -> D2 | J7: =INPUT_DATA!A24 -> B3 | K7: =INPUT_DATA!A48 -> D3 | L7: =INPUT_DATA!A74 -> S3 | M7: =INPUT_DATA!A90 -> NCG3
A8: MED Train - 2 | B8: MED - E4 | C8: =INPUT_DATA!E74 -> 188 | D8: =INPUT_DATA!G74 -> 59.4 | E8: =INPUT_DATA!A74 -> S3 | F8: =INPUT_DATA!A90 -> NCG3 | G8: =INPUT_DATA!A134 -> F4 | H8: =INPUT_DATA!A24 -> B3 | I8: =INPUT_DATA!A48 -> D3 | J8: =INPUT_DATA!A25 -> B4 | K8: =INPUT_DATA!A49 -> D4 | L8: =INPUT_DATA!A75 -> S4 | M8: =INPUT_DATA!A91 -> NCG4
A9: MED Train - 2 | B9: MED - E5 | C9: =INPUT_DATA!E75 -> 161.8 | D9: =INPUT_DATA!G75 -> 56.2 | E9: =INPUT_DATA!A75 -> S4 | F9: =INPUT_DATA!A91 -> NCG4 | G9: =INPUT_DATA!A145 -> F5 | H9: =INPUT_DATA!A25 -> B4 | I9: =INPUT_DATA!A49 -> D4 | J9: =INPUT_DATA!A26 -> B5 | K9: =INPUT_DATA!A50 -> D5 | L9: =INPUT_DATA!A76 -> S5 | M9: =INPUT_DATA!A92 -> NCG5
A10: MED Train - 2 | B10: MED - E6 | C10: =INPUT_DATA!E76 -> 139.5 | D10: =INPUT_DATA!G76 -> 53.1 | E10: =INPUT_DATA!A76 -> S5 | F10: =INPUT_DATA!A92 -> NCG5 | G10: =INPUT_DATA!A156 -> F6 | H10: =INPUT_DATA!A26 -> B5 | I10: =INPUT_DATA!A50 -> D5 | J10: =INPUT_DATA!A27 -> B6 | K10: =INPUT_DATA!A51 -> D6 | L10: =INPUT_DATA!A77 -> S6 | M10: =INPUT_DATA!A93 -> NCG6
A11: MED Train - 3 | B11: MED - E7 | C11: =INPUT_DATA!E77 -> 119.8 | D11: =INPUT_DATA!G77 -> 50 | E11: =INPUT_DATA!A77 -> S6 | F11: =INPUT_DATA!A93 -> NCG6 | G11: =INPUT_DATA!A167 -> F7 | H11: =INPUT_DATA!A27 -> B6 | I11: =INPUT_DATA!A51 -> D6 | J11: =INPUT_DATA!A28 -> B7 | K11: =INPUT_DATA!A52 -> D7 | L11: =INPUT_DATA!A78 -> S7 | M11: =INPUT_DATA!A94 -> NCG7
A12: MED Train - 3 | B12: MED - E8 | C12: =INPUT_DATA!E78 -> 101.7 | D12: =INPUT_DATA!G78 -> 46.72 | E12: =INPUT_DATA!A78 -> S7 | F12: =INPUT_DATA!A94 -> NCG7 | G12: =INPUT_DATA!A178 -> F8 | H12: =INPUT_DATA!A28 -> B7 | I12: =INPUT_DATA!A52 -> D7 | J12: =INPUT_DATA!A29 -> B8 | K12: =INPUT_DATA!A53 -> D8 | L12: =INPUT_DATA!A79 -> S8 | M12: =INPUT_DATA!A95 -> NCG8
A13: MED Train - 3 | B13: MED - E9 | C13: =INPUT_DATA!E79 -> 84.6 | D13: =INPUT_DATA!G79 -> 43.14 | E13: =INPUT_DATA!A79 -> S8 | F13: =INPUT_DATA!A95 -> NCG8 | G13: =INPUT_DATA!A189 -> F9 | H13: =INPUT_DATA!A29 -> B8 | I13: =INPUT_DATA!A53 -> D8 | J13: =INPUT_DATA!A30 -> B9 | K13: =INPUT_DATA!A54 -> D9 | L13: =INPUT_DATA!A80 -> S9 | M13: =INPUT_DATA!A96 -> NCG9
A14: Final Condenser | B14: FC | C14: =INPUT_DATA!E96 -> 82 | D14: =INPUT_DATA!G96 -> 41.91 | E14: =INPUT_DATA!A16 -> SW13 | F14: =INPUT_DATA!A96 -> NCG9 | J14: =INPUT_DATA!A17 -> SW14 | K14: =INPUT_DATA!A97 -> NCG10
A15: Brine Plate Heat Exchanger | B15: BPHE | E15: =INPUT_DATA!A31 -> B10 | F15: =INPUT_DATA!A11 -> SW8 | J15: =INPUT_DATA!A32 -> B11 | K15: =INPUT_DATA!A12 -> SW9
A16: Distillate Plate Heat Exchanger | B16: DPHE | E16: =INPUT_DATA!A56 -> D11 | F16: =INPUT_DATA!A6 -> SW3 | J16: =INPUT_DATA!A33 -> B12 | K16: =INPUT_DATA!A7 -> SW4
A17: Brine Tank | B17: BT | C17: =INPUT_DATA!E30 -> 68 | D17: =INPUT_DATA!G30 -> 39 | E17: =INPUT_DATA!A30 -> B9 | J17: =INPUT_DATA!A31 -> B10
A18: Distillate Tank | B18: DT | C18: =INPUT_DATA!E54 -> 84.6 | D18: =INPUT_DATA!G54 -> 42.404474 | E18: =INPUT_DATA!A54 -> D9 | F18: =INPUT_DATA!A70 -> D25 | J18: =INPUT_DATA!A55 -> D10
A19: Sea Water Pump | B19: SWP | E19: =INPUT_DATA!A4 -> SW1 | J19: =INPUT_DATA!A5 -> SW2
A20: Brine Pump | B20: BP | E20: =INPUT_DATA!A30 -> B9 | J20: =INPUT_DATA!A31 -> B10
A21: Distillate Pump | B21: DP | E21: =INPUT_DATA!A55 -> D10 | J21: =INPUT_DATA!A56 -> D11
A22: Initial Fill Pump | B22: IFP | E22: =INPUT_DATA!A58 -> D13 | J22: =INPUT_DATA!A60 -> D15
A23: Make Up Pump | B23: MP | E23: =INPUT_DATA!A59 -> D14 | J23: =INPUT_DATA!A61 -> D16 | K23: =INPUT_DATA!A62 -> D17 | L23: =INPUT_DATA!A63 -> D18
A24: LTFV-Re Circulation Pump | B24: LTFV-RCP | J24: =INPUT_DATA!A64 -> D19
A25: HTFV-Re Circulation Pump | B25: HTFV-RCP | J25: =INPUT_DATA!A67 -> D22
A26: LTFV-Extraction Pump | B26: LTFV-EP | E26: =INPUT_DATA!A66 -> D21
A27: HTFV-Extraction Pump | B27: LTFV-EP | E27: =INPUT_DATA!A69 -> D24
A28: Distillate Storage Tank | B28: DST | C28: =INPUT_DATA!E57 -> 0 | D28: =INPUT_DATA!G57 -> 0 | E28: =INPUT_DATA!A57 -> D12 | J28: =INPUT_DATA!A58 -> D13 | K28: =INPUT_DATA!A59 -> D14
A29: Anti-Scalant Tank | B29: AST
A30: Anti-Foam Tank | B30: AFT
A31: Acid Cleaning Tank | B31: ACT

Sheet LIST OF LINES
A1: S.No | B1: Line No | C1: Fluid | D1: Input Data | E1: Flow Rate | F1: Density | G1: Calculated Velocity | H1: Calculated Inner diameter | I1: Selected Inner diameter | J1: Actual Velocity
D2: Tag No. | E2: kg/s | F2: kg/m3 | G2: m/s | H2: mm | I2: mm | J2: m/s
A3: SEA WATER LINE
A4: 1 | B4: 200-40-SS-SW-01 | C4: Sea water | D4: =INPUT_DATA!A4 -> SW1 | E4: =IFERROR(INDEX(FlowRates_kgs,MATCH(D4,LineTags,0)),"") -> 32.089504 | F4: =IFERROR(INDEX(Densities,MATCH(D4,LineTags,0)),"") -> 1026.3219 | G4: 1.6 | H4: =IFERROR(SQRT((4*E4)/(PI()*F4*G4))*1000,"") -> 157.73743 | I4: =IFERROR(VLOOKUP(ROUNDUP(H4,-1),PipeReference,2,TRUE),"Check Size") -> 202.74 | J4: =IFERROR((4*E4)/(PI()*F4*(I4/1000)^2),"") -> 0.96852457
A5: =A4+1 -> 2 | B5: 200-40-SS-SW-02 | C5: Sea water | D5: =INPUT_DATA!A5 -> SW2 | E5: =IFERROR(INDEX(FlowRates_kgs,MATCH(D5,LineTags,0)),"") -> 32.089504 | F5: =IFERROR(INDEX(Densities,MATCH(D5,LineTags,0)),"") -> 1026.408 | G5: 1.6 | H5: =IFERROR(SQRT((4*E5)/(PI()*F5*G5))*1000,"") -> 157.73082 | I5: =IFERROR(VLOOKUP(ROUNDUP(H5,-1),PipeReference,2,TRUE),"Check Size") -> 202.74 | J5: =IFERROR((4*E5)/(PI()*F5*(I5/1000)^2),"") -> 0.96844329
A6: =A5+1 -> 3 | B6: 100-40-SS-SW-03 | C6: Sea water | D6: =INPUT_DATA!A6 -> SW3 | E6: =IFERROR(INDEX(FlowRates_kgs,MATCH(D6,LineTags,0)),"") -> 11.19 | F6: =IFERROR(INDEX(Densities,MATCH(D6,LineTags,0)),"") -> 1026.41 | G6: 2 | H6: =IFERROR(SQRT((4*E6)/(PI()*F6*G6))*1000,"") -> 83.309527 | I6: =IFERROR(VLOOKUP(ROUNDUP(H6,-1),PipeReference,2,TRUE),"Check Size") -> 102.26 | J6: =IFERROR((4*E6)/(PI()*F6*(I6/1000)^2),"") -> 1.3274182
A7: =A6+1 -> 4 | B7: 100-40-SS-SW-04 | C7: Sea water | D7: =INPUT_DATA!A7 -> SW4 | E7: =IFERROR(INDEX(FlowRates_kgs,MATCH(D7,LineTags,0)),"") -> 11.189504 | F7: =IFERROR(INDEX(Densities,MATCH(D7,LineTags,0)),"") -> 1024.39 | G7: 2 | H7: =IFERROR(SQRT((4*E7)/(PI()*F7*G7))*1000,"") -> 83.389777 | I7: =IFERROR(VLOOKUP(ROUNDUP(H7,-1),PipeReference,2,TRUE),"Check Size") -> 102.26 | J7: =IFERROR((4*E7)/(PI()*F7*(I7/1000)^2),"") -> 1.3299767
A8: =A7+1 -> 5 | B8: 65-40-SS-SW-05 | C8: Sea water | D8: =INPUT_DATA!A8 -> SW5 | E8: =IFERROR(INDEX(FlowRates_kgs,MATCH(D8,LineTags,0)),"") -> 3.7298347 | F8: =IFERROR(INDEX(Densities,MATCH(D8,LineTags,0)),"") -> 1024.39 | G8: 2 | H8: =IFERROR(SQRT((4*E8)/(PI()*F8*G8))*1000,"") -> 48.14511 | I8: =IFERROR(VLOOKUP(ROUNDUP(H8,-1),PipeReference,2,TRUE),"Check Size") -> 52.48 | J8: =IFERROR((4*E8)/(PI()*F8*(I8/1000)^2),"") -> 1.6832426
A9: =A8+1 -> 6 | B9: 65-40-SS-SW-06 | C9: Sea water | D9: =INPUT_DATA!A9 -> SW6 | E9: =IFERROR(INDEX(FlowRates_kgs,MATCH(D9,LineTags,0)),"") -> 3.7298347 | F9: =IFERROR(INDEX(Densities,MATCH(D9,LineTags,0)),"") -> 1024.39 | G9: 2 | H9: =IFERROR(SQRT((4*E9)/(PI()*F9*G9))*1000,"") -> 48.14511 | I9: =IFERROR(VLOOKUP(ROUNDUP(H9,-1),PipeReference,2,TRUE),"Check Size") -> 52.48 | J9: =IFERROR((4*E9)/(PI()*F9*(I9/1000)^2),"") -> 1.6832426
A10: =A9+1 -> 7 | B10: 65-40-SS-SW-07 | C10: Sea water | D10: =INPUT_DATA!A10 -> SW7 | E10: =IFERROR(INDEX(FlowRates_kgs,MATCH(D10,LineTags,0)),"") -> 3.7298347 | F10: =IFERROR(INDEX(Densities,MATCH(D10,LineTags,0)),"") -> 1024.39 | G10: 2 | H10: =IFERROR(SQRT((4*E10)/(PI()*F10*G10))*1000,"") -> 48.14511 | I10: =IFERROR(VLOOKUP(ROUNDUP(H10,-1),PipeReference,2,TRUE),"Check Size") -> 52.48 | J10: =IFERROR((4*E10)/(PI()*F10*(I10/1000)^2),"") -> 1.6832426
A11: =A10+1 -> 8 | B11: 100-40-SS-SW-08 | C11: Sea water | D11: =INPUT_DATA!A11 -> SW8 | E11: =IFERROR(INDEX(FlowRates_kgs,MATCH(D11,LineTags,0)),"") -> 9.9 | F11: =IFERROR(INDEX(Densities,MATCH(D11,LineTags,0)),"") -> 1024.39 | G11: 2 | H11: =IFERROR(SQRT((4*E11)/(PI()*F11*G11))*1000,"") -> 78.437726 | I11: =IFERROR(VLOOKUP(ROUNDUP(H11,-1),PipeReference,2,TRUE),"Check Size") -> 102.26 | J11: =IFERROR((4*E11)/(PI()*F11*(I11/1000)^2),"") -> 1.1767072
A12: =A11+1 -> 9 | B12: 100-40-SS-SW-09 | C12: Sea water | D12: =INPUT_DATA!A12 -> SW9 | E12: =IFERROR(INDEX(FlowRates_kgs,MATCH(D12,LineTags,0)),"") -> 9.9 | F12: =IFERROR(INDEX(Densities,MATCH(D12,LineTags,0)),"") -> 1026.41 | G12: 2 | H12: =IFERROR(SQRT((4*E12)/(PI()*F12*G12))*1000,"") -> 78.360504 | I12: =IFERROR(VLOOKUP(ROUNDUP(H12,-1),PipeReference,2,TRUE),"Check Size") -> 102.26 | J12: =IFERROR((4*E12)/(PI()*F12*(I12/1000)^2),"") -> 1.1743914
A13: =A12+1 -> 10 | B13: 65-40-SS-SW-10 | C13: Sea water | D13: =INPUT_DATA!A13 -> SW10 | E13: =IFERROR(INDEX(FlowRates_kgs,MATCH(D13,LineTags,0)),"") -> 3.3 | F13: =IFERROR(INDEX(Densities,MATCH(D13,LineTags,0)),"") -> 1026.41 | G13: 2 | H13: =IFERROR(SQRT((4*E13)/(PI()*F13*G13))*1000,"") -> 45.241458 | I13: =IFERROR(VLOOKUP(ROUNDUP(H13,-1),PipeReference,2,TRUE),"Check Size") -> 52.48 | J13: =IFERROR((4*E13)/(PI()*F13*(I13/1000)^2),"") -> 1.486331
A14: =A13+1 -> 11 | B14: 65-40-SS-SW-11 | C14: Sea water | D14: =INPUT_DATA!A14 -> SW11 | E14: =IFERROR(INDEX(FlowRates_kgs,MATCH(D14,LineTags,0)),"") -> 3.3 | F14: =IFERROR(INDEX(Densities,MATCH(D14,LineTags,0)),"") -> 1026.41 | G14: 2 | H14: =IFERROR(SQRT((4*E14)/(PI()*F14*G14))*1000,"") -> 45.241458 | I14: =IFERROR(VLOOKUP(ROUNDUP(H14,-1),PipeReference,2,TRUE),"Check Size") -> 52.48 | J14: =IFERROR((4*E14)/(PI()*F14*(I14/1000)^2),"") -> 1.486331
A15: =A14+1 -> 12 | B15: 65-40-SS-SW-12 | C15: Sea water | D15: =INPUT_DATA!A15 -> SW12 | E15: =IFERROR(INDEX(FlowRates_kgs,MATCH(D15,LineTags,0)),"") -> 3.3 | F15: =IFERROR(INDEX(Densities,MATCH(D15,LineTags,0)),"") -> 1026.41 | G15: 2 | H15: =IFERROR(SQRT((4*E15)/(PI()*F15*G15))*1000,"") -> 45.241458 | I15: =IFERROR(VLOOKUP(ROUNDUP(H15,-1),PipeReference,2,TRUE),"Check Size") -> 52.48 | J15: =IFERROR((4*E15)/(PI()*F15*(I15/1000)^2),"") -> 1.486331
A16: =A15+1 -> 13 | B16: 100-40-SS-SW-13 | C16: Sea water | D16: =INPUT_DATA!A16 -> SW13 | E16: =IFERROR(INDEX(FlowRates_kgs,MATCH(D16,LineTags,0)),"") -> 11 | F16: =IFERROR(INDEX(Densities,MATCH(D16,LineTags,0)),"") -> 1024.2273 | G16: 2 | H16: =IFERROR(SQRT((4*E16)/(PI()*F16*G16))*1000,"") -> 82.687189 | I16: =IFERROR(VLOOKUP(ROUNDUP(H16,-1),PipeReference,2,TRUE),"Check Size") -> 102.26 | J16: =IFERROR((4*E16)/(PI()*F16*(I16/1000)^2),"") -> 1.3076601
... A20: =A19+1 -> 17 | B20: 65-40-SS-SW-17 | C20: Sea water | D20: =INPUT_DATA!A20 -> SW17 | E20: =IFERROR(INDEX(FlowRates_kgs,MATCH(D20,LineTags,0)),"") -> 3.6666667 | F20: =IFERROR(INDEX(Densities,MATCH(D20,LineTags,0)),"") -> 1026.408 | G20: 2 | H20: =IFERROR(SQRT((4*E20)/(PI()*F20*G20))*1000,"") -> 47.688731 | I20: =IFERROR(VLOOKUP(ROUNDUP(H20,-1),PipeReference,2,TRUE),"Check Size") -> 52.48 | J20: =IFERROR((4*E20)/(PI()*F20*(I20/1000)^2),"") -> 1.6514821
A21: BRINE WATER LINE
A22: =A20+1 -> 18 | B22: 150-40-SS-BW-01 | C22: Brine | D22: =INPUT_DATA!A22 -> B1 | E22: =IFERROR(INDEX(FlowRates_kgs,MATCH(D22,LineTags,0)),"") -> 4.07 | F22: =IFERROR(INDEX(Densities,MATCH(D22,LineTags,0)),"") -> 1043.56 | G22: 0.4 | H22: =IFERROR(SQRT((4*E22)/(PI()*F22*G22))*1000,"") -> 111.4201 | I22: =IFERROR(VLOOKUP(ROUNDUP(H22,-1),PipeReference,2,TRUE),"Check Size") -> 154.08 | J22: =IFERROR((4*E22)/(PI()*F22*(I22/1000)^2),"") -> 0.20916767
A23: =A22+1 -> 19 | B23: 200-40-SS-BW-02 | C23: Brine | D23: =INPUT_DATA!A23 -> B2 | E23: =IFERROR(INDEX(FlowRates_kgs,MATCH(D23,LineTags,0)),"") -> 8.33 | F23: =IFERROR(INDEX(Densities,MATCH(D23,LineTags,0)),"") -> 1042.53 | G23: 0.4 | H23: =IFERROR(SQRT((4*E23)/(PI()*F23*G23))*1000,"") -> 159.47892 | I23: =IFERROR(VLOOKUP(ROUNDUP(H23,-1),PipeReference,2,TRUE),"Check Size") -> 202.74 | J23: =IFERROR((4*E23)/(PI()*F23*(I23/1000)^2),"") -> 0.24750711
A24: =A23+1 -> 20 | B24: 250-40-SS-BW-03 | C24: Brine | D24: =INPUT_DATA!A24 -> B3 | E24: =IFERROR(INDEX(FlowRates_kgs,MATCH(D24,LineTags,0)),"") -> 12.73 | F24: =IFERROR(INDEX(Densities,MATCH(D24,LineTags,0)),"") -> 1041.71 | G24: 0.3 | H24: =IFERROR(SQRT((4*E24)/(PI()*F24*G24))*1000,"") -> 227.73785 | I24: =IFERROR(VLOOKUP(ROUNDUP(H24,-1),PipeReference,2,TRUE),"Check Size") -> 254.56 | J24: =IFERROR((4*E24)/(PI()*F24*(I24/1000)^2),"") -> 0.24011062
A25: =A24+1 -> 21 | B25: 300-40-SS-BW-04 | C25: Brine | D25: =INPUT_DATA!A25 -> B4 | E25: =IFERROR(INDEX(FlowRates_kgs,MATCH(D25,LineTags,0)),"") -> 17.26 | F25: =IFERROR(INDEX(Densities,MATCH(D25,LineTags,0)),"") -> 1041.51 | G25: 0.3 | H25: =IFERROR(SQRT((4*E25)/(PI()*F25*G25))*1000,"") -> 265.20585 | I25: =IFERROR(VLOOKUP(ROUNDUP(H25,-1),PipeReference,2,TRUE),"Check Size") -> 303.64 | J25: =IFERROR((4*E25)/(PI()*F25*(I25/1000)^2),"") -> 0.22885979
A26: =A25+1 -> 22 | B26: 350-40-SS-BW-05 | C26: Brine | D26: =INPUT_DATA!A26 -> B5 | E26: =IFERROR(INDEX(FlowRates_kgs,MATCH(D26,LineTags,0)),"") -> 21.81 | F26: =IFERROR(INDEX(Densities,MATCH(D26,LineTags,0)),"") -> 1041.37 | G26: 0.25 | H26: =IFERROR(SQRT((4*E26)/(PI()*F26*G26))*1000,"") -> 326.59562 | I26: =IFERROR(VLOOKUP(ROUNDUP(H26,-1),PipeReference,2,TRUE),"Check Size") -> 333.34 | J26: =IFERROR((4*E26)/(PI()*F26*(I26/1000)^2),"") -> 0.23998597
A27: =A26+1 -> 23 | B27: 400-40-SS-BW-06 | C27: Brine | D27: =INPUT_DATA!A27 -> B6 | E27: =IFERROR(INDEX(FlowRates_kgs,MATCH(D27,LineTags,0)),"") -> 26.34 | F27: =IFERROR(INDEX(Densities,MATCH(D27,LineTags,0)),"") -> 1041.3 | G27: 0.25 | H27: =IFERROR(SQRT((4*E27)/(PI()*F27*G27))*1000,"") -> 358.92607 | I27: =IFERROR(VLOOKUP(ROUNDUP(H27,-1),PipeReference,2,TRUE),"Check Size") -> 381 | J27: =IFERROR((4*E27)/(PI()*F27*(I27/1000)^2),"") -> 0.22187076
A28: =A27+1 -> 24 | B28: 400-40-SS-BW-07 | C28: Brine | D28: =INPUT_DATA!A28 -> B7 | E28: =IFERROR(INDEX(FlowRates_kgs,MATCH(D28,LineTags,0)),"") -> 31.02 | F28: =IFERROR(INDEX(Densities,MATCH(D28,LineTags,0)),"") -> 1041.16 | G28: 0.3 | H28: =IFERROR(SQRT((4*E28)/(PI()*F28*G28))*1000,"") -> 355.59577 | I28: =IFERROR(VLOOKUP(ROUNDUP(H28,-1),PipeReference,2,TRUE),"Check Size") -> 381 | J28: =IFERROR((4*E28)/(PI()*F28*(I28/1000)^2),"") -> 0.26132712
A29: =A28+1 -> 25 | B29: 450-40-SS-BW-08 | C29: Brine | D29: =INPUT_DATA!A29 -> B8 | E29: =IFERROR(INDEX(FlowRates_kgs,MATCH(D29,LineTags,0)),"") -> 35.55 | F29: =IFERROR(INDEX(Densities,MATCH(D29,LineTags,0)),"") -> 1041.23 | G29: 0.3 | H29: =IFERROR(SQRT((4*E29)/(PI()*F29*G29))*1000,"") -> 380.6632 | I29: =IFERROR(VLOOKUP(ROUNDUP(H29,-1),PipeReference,2,TRUE),"Check Size") -> 428.6 | J29: =IFERROR((4*E29)/(PI()*F29*(I29/1000)^2),"") -> 0.23664575
A30: =A29+1 -> 26 | B30: ID800-8THK-SS-BW-09 | C30: Brine | D30: =INPUT_DATA!A30 -> B9 | E30: =IFERROR(INDEX(FlowRates_kgs,MATCH(D30,LineTags,0)),"") -> 39.83 | F30: =IFERROR(INDEX(Densities,MATCH(D30,LineTags,0)),"") -> 1041.51 | G30: 0.08 | H30: =IFERROR(SQRT((4*E30)/(PI()*F30*G30))*1000,"") -> 780.15967 | I30: =IFERROR(VLOOKUP(ROUNDUP(H30,-1),PipeReference,2,TRUE),"Check Size") -> Plate | J30: =IFERROR((4*E30)/(PI()*F30*(I30/1000)^2),"")
A31: =A30+1 -> 27 | B31: ID800-8THK-SS-BW-10 | C31: Brine | D31: =INPUT_DATA!A31 -> B10 | E31: =IFERROR(INDEX(FlowRates_kgs,MATCH(D31,LineTags,0)),"") -> 39.833514 | F31: =IFERROR(INDEX(Densities,MATCH(D31,LineTags,0)),"") -> 1039.7242 | G31: 0.08 | H31: =IFERROR(SQRT((4*E31)/(PI()*F31*G31))*1000,"") -> 780.86383 | I31: =IFERROR(VLOOKUP(ROUNDUP(H31,-1),PipeReference,2,TRUE),"Check Size") -> Plate | J31: =IFERROR((4*E31)/(PI()*F31*(I31/1000)^2),"")
A32: =A31+1 -> 28 | B32: XX-XX-SS-BW-11 | C32: Brine | D32: =INPUT_DATA!A32 -> B11 | E32: =IFERROR(INDEX(FlowRates_kgs,MATCH(D32,LineTags,0)),"") -> HOLD | F32: =IFERROR(INDEX(Densities,MATCH(D32,LineTags,0)),"") -> 1040.3579 | H32: =IFERROR(SQRT((4*E32)/(PI()*F32*G32))*1000,"") | I32: =IFERROR(VLOOKUP(ROUNDUP(H32,-1),PipeReference,2,TRUE),"Check Size") -> Check Size | J32: =IFERROR((4*E32)/(PI()*F32*(I32/1000)^2),"")
A33: =A32+1 -> 29 | B33: 200-40-SS-BW-12 | C33: Brine | D33: =INPUT_DATA!A33 -> B12 | E33: =IFERROR(INDEX(FlowRates_kgs,MATCH(D33,LineTags,0)),"") -> HOLD | F33: =IFERROR(INDEX(Densities,MATCH(D33,LineTags,0)),"") -> 1040.3579 | G33: 1 | H33: =IFERROR(SQRT((4*E33)/(PI()*F33*G33))*1000,"") | I33: =IFERROR(VLOOKUP(ROUNDUP(H33,-1),PipeReference,2,TRUE),"Check Size") -> Check Size | J33: =IFERROR((4*E33)/(PI()*F33*(I33/1000)^2),"")
A34: =A33+1 -> 30 | B34: 150-40-SS-BW-13 | C34: Brine | D34: =INPUT_DATA!A34 -> B13 | E34: =IFERROR(INDEX(FlowRates_kgs,MATCH(D34,LineTags,0)),"") -> 18.925 | F34: =IFERROR(INDEX(Densities,MATCH(D34,LineTags,0)),"") -> 1040.3579 | G34: 1.5 | H34: =IFERROR(SQRT((4*E34)/(PI()*F34*G34))*1000,"") -> 124.26133 | I34: =IFERROR(VLOOKUP(ROUNDUP(H34,-1),PipeReference,2,TRUE),"Check Size") -> 154.08 | J34: =IFERROR((4*E34)/(PI()*F34*(I34/1000)^2),"") -> 0.97559755
A35: =A34+1 -> 31 | B35: 150-40-SS-BW-14 | C35: Brine | D35: =INPUT_DATA!A35 -> B14 | E35: =IFERROR(INDEX(FlowRates_kgs,MATCH(D35,LineTags,0)),"") -> 18.925 | F35: =IFERROR(INDEX(Densities,MATCH(D35,LineTags,0)),"") -> 1040.3579 | G35: 1.5 | H35: =IFERROR(SQRT((4*E35)/(PI()*F35*G35))*1000,"") -> 124.26133 | I35: =IFERROR(VLOOKUP(ROUNDUP(H35,-1),PipeReference,2,TRUE),"Check Size") -> 154.08 | J35: =IFERROR((4*E35)/(PI()*F35*(I35/1000)^2),"") -> 0.97559755
A36: =A35+1 -> 32 | B36: 80-40-SS-BW-15 | C36: Brine | D36: =INPUT_DATA!A36 -> B15 | E36: =IFERROR(INDEX(FlowRates_kgs,MATCH(D36,LineTags,0)),"") -> 1.84 | F36: =IFERROR(INDEX(Densities,MATCH(D36,LineTags,0)),"") -> 1040.3579 | G36: 0.5 | H36: =IFERROR(SQRT((4*E36)/(PI()*F36*G36))*1000,"") -> 67.110054 | I36: =IFERROR(VLOOKUP(ROUNDUP(H36,-1),PipeReference,2,TRUE),"Check Size") -> 77.92 | J36: =IFERROR((4*E36)/(PI()*F36*(I36/1000)^2),"") -> 0.37089185
A37: =A36+1 -> 33 | B37: 80-40-SS-BW-16 | C37: Brine | D37: =INPUT_DATA!A37 -> B16 | E37: =IFERROR(INDEX(FlowRates_kgs,MATCH(D37,LineTags,0)),"") -> 1.84 | F37: =IFERROR(INDEX(Densities,MATCH(D37,LineTags,0)),"") -> 1040.3579 | G37: 0.5 | H37: =IFERROR(SQRT((4*E37)/(PI()*F37*G37))*1000,"") -> 67.110054 | I37: =IFERROR(VLOOKUP(ROUNDUP(H37,-1),PipeReference,2,TRUE),"Check Size") -> 77.92 | J37: =IFERROR((4*E37)/(PI()*F37*(I37/1000)^2),"") -> 0.37089185
A38: =A37+1 -> 34 | B38: 80-40-SS-BW-17 | C38: Brine | D38: =INPUT_DATA!A38 -> B17 | E38: =IFERROR(INDEX(FlowRates_kgs,MATCH(D38,LineTags,0)),"") -> 1.83 | F38: =IFERROR(INDEX(Densities,MATCH(D38,LineTags,0)),"") -> 1040.3579 | G38: 0.5 | H38: =IFERROR(SQRT((4*E38)/(PI()*F38*G38))*1000,"") -> 66.927441 | I38: =IFERROR(VLOOKUP(ROUNDUP(H38,-1),PipeReference,2,TRUE),"Check Size") -> 77.92 | J38: =IFERROR((4*E38)/(PI()*F38*(I38/1000)^2),"") -> 0.36887613
A39: =A38+1 -> 35 | B39: 80-40-SS-BW-18 | C39: Brine | D39: =INPUT_DATA!A39 -> B18 | E39: =IFERROR(INDEX(FlowRates_kgs,MATCH(D39,LineTags,0)),"") -> 2.31 | F39: =IFERROR(INDEX(Densities,MATCH(D39,LineTags,0)),"") -> 1040.3579 | G39: 0.7 | H39: =IFERROR(SQRT((4*E39)/(PI()*F39*G39))*1000,"") -> 63.550745 | I39: =IFERROR(VLOOKUP(ROUNDUP(H39,-1),PipeReference,2,TRUE),"Check Size") -> 77.92 | J39: =IFERROR((4*E39)/(PI()*F39*(I39/1000)^2),"") -> 0.46563053
A40: =A39+1 -> 36 | B40: 80-40-SS-BW-19 | C40: Brine | D40: =INPUT_DATA!A40 -> B19 | E40: =IFERROR(INDEX(FlowRates_kgs,MATCH(D40,LineTags,0)),"") -> 2.31 | F40: =IFERROR(INDEX(Densities,MATCH(D40,LineTags,0)),"") -> 1040.3579 | G40: 0.7 | H40: =IFERROR(SQRT((4*E40)/(PI()*F40*G40))*1000,"") -> 63.550745 | I40: =IFERROR(VLOOKUP(ROUNDUP(H40,-1),PipeReference,2,TRUE),"Check Size") -> 77.92 | J40: =IFERROR((4*E40)/(PI()*F40*(I40/1000)^2),"") -> 0.46563053
A41: =A40+1 -> 37 | B41: 80-40-SS-BW-20 | C41: Brine | D41: =INPUT_DATA!A41 -> B20 | E41: =IFERROR(INDEX(FlowRates_kgs,MATCH(D41,LineTags,0)),"") -> 2.31 | F41: =IFERROR(INDEX(Densities,MATCH(D41,LineTags,0)),"") -> 1040.3579 | G41: 0.7 | H41: =IFERROR(SQRT((4*E41)/(PI()*F41*G41))*1000,"") -> 63.550745 | I41: =IFERROR(VLOOKUP(ROUNDUP(H41,-1),PipeReference,2,TRUE),"Check Size") -> 77.92 | J41: =IFERROR((4*E41)/(PI()*F41*(I41/1000)^2),"") -> 0.46563053
A42: =A41+1 -> 38 | B42: 80-40-SS-BW-21 | C42: Brine | D42: =INPUT_DATA!A42 -> B21 | E42: =IFERROR(INDEX(FlowRates_kgs,MATCH(D42,LineTags,0)),"") -> 2.16 | F42: =IFERROR(INDEX(Densities,MATCH(D42,LineTags,0)),"") -> 1040.3579 | G42: 0.7 | H42: =IFERROR(SQRT((4*E42)/(PI()*F42*G42))*1000,"") -> 61.45278 | I42: =IFERROR(VLOOKUP(ROUNDUP(H42,-1),PipeReference,2,TRUE),"Check Size") -> 77.92 | J42: =IFERROR((4*E42)/(PI()*F42*(I42/1000)^2),"") -> 0.43539478
A43: =A42+1 -> 39 | B43: 80-40-SS-BW-22 | C43: Brine | D43: =INPUT_DATA!A43 -> B22 | E43: =IFERROR(INDEX(FlowRates_kgs,MATCH(D43,LineTags,0)),"") -> 2.16 | F43: =IFERROR(INDEX(Densities,MATCH(D43,LineTags,0)),"") -> 1040.3579 | G43: 0.7 | H43: =IFERROR(SQRT((4*E43)/(PI()*F43*G43))*1000,"") -> 61.45278 | I43: =IFERROR(VLOOKUP(ROUNDUP(H43,-1),PipeReference,2,TRUE),"Check Size") -> 77.92 | J43: =IFERROR((4*E43)/(PI()*F43*(I43/1000)^2),"") -> 0.43539478
A44: =A43+1 -> 40 | B44: 80-40-SS-BW-23 | C44: Brine | D44: =INPUT_DATA!A44 -> B23 | E44: =IFERROR(INDEX(FlowRates_kgs,MATCH(D44,LineTags,0)),"") -> 2.16 | F44: =IFERROR(INDEX(Densities,MATCH(D44,LineTags,0)),"") -> 1040.3579 | G44: 0.7 | H44: =IFERROR(SQRT((4*E44)/(PI()*F44*G44))*1000,"") -> 61.45278 | I44: =IFERROR(VLOOKUP(ROUNDUP(H44,-1),PipeReference,2,TRUE),"Check Size") -> 77.92 | J44: =IFERROR((4*E44)/(PI()*F44*(I44/1000)^2),"") -> 0.43539478
A45: DISTILLATE WATER LINE
A46: =A44+1 -> 41 | B46: 100-40-SS-DW-01 | C46: Distillate | D46: =INPUT_DATA!A46 -> D1 | E46: =IFERROR(INDEX(FlowRates_kgs,MATCH(D46,LineTags,0)),"") -> 1.88 | F46: =IFERROR(INDEX(Densities,MATCH(D46,LineTags,0)),"") -> 988.028 | G46: 0.3 | H46: =IFERROR(SQRT((4*E46)/(PI()*F46*G46))*1000,"") -> 89.864618 | I46: =IFERROR(VLOOKUP(ROUNDUP(H46,-1),PipeReference,2,TRUE),"Check Size") -> 102.26 | J46: =IFERROR((4*E46)/(PI()*F46*(I46/1000)^2),"") -> 0.23167925
A47: =A46+1 -> 42 | B47: 150-40-SS-DW-02 | C47: Distillate | D47: =INPUT_DATA!A47 -> D2 | E47: =IFERROR(INDEX(FlowRates_kgs,MATCH(D47,LineTags,0)),"") -> 3.38 | F47: =IFERROR(INDEX(Densities,MATCH(D47,LineTags,0)),"") -> 989.708 | G47: 0.3 | H47: =IFERROR(SQRT((4*E47)/(PI()*F47*G47))*1000,"") -> 120.39245 | I47: =IFERROR(VLOOKUP(ROUNDUP(H47,-1),PipeReference,2,TRUE),"Check Size") -> 154.08 | J47: =IFERROR((4*E47)/(PI()*F47*(I47/1000)^2),"") -> 0.18315855
A48: =A47+1 -> 43 | B48: 150-40-SS-DW-03 | C48: Distillate | D48: =INPUT_DATA!A48 -> D3 | E48: =IFERROR(INDEX(FlowRates_kgs,MATCH(D48,LineTags,0)),"") -> 4.68 | F48: =IFERROR(INDEX(Densities,MATCH(D48,LineTags,0)),"") -> 990.911 | G48: 0.3 | H48: =IFERROR(SQRT((4*E48)/(PI()*F48*G48))*1000,"") -> 141.57939 | I48: =IFERROR(VLOOKUP(ROUNDUP(H48,-1),PipeReference,2,TRUE),"Check Size") -> 154.08 | J48: =IFERROR((4*E48)/(PI()*F48*(I48/1000)^2),"") -> 0.25329626
A49: =A48+1 -> 44 | B49: 200-40-SS-DW-04 | C49: Distillate | D49: =INPUT_DATA!A49 -> D4 | E49: =IFERROR(INDEX(FlowRates_kgs,MATCH(D49,LineTags,0)),"") -> 5.84 | F49: =IFERROR(INDEX(Densities,MATCH(D49,LineTags,0)),"") -> 991.945 | G49: 0.3 | H49: =IFERROR(SQRT((4*E49)/(PI()*F49*G49))*1000,"") -> 158.07277 | I49: =IFERROR(VLOOKUP(ROUNDUP(H49,-1),PipeReference,2,TRUE),"Check Size") -> 202.74 | J49: =IFERROR((4*E49)/(PI()*F49*(I49/1000)^2),"") -> 0.1823713
A50: =A49+1 -> 45 | B50: 200-40-SS-DW-05 | C50: Distillate | D50: =INPUT_DATA!A50 -> D5 | E50: =IFERROR(INDEX(FlowRates_kgs,MATCH(D50,LineTags,0)),"") -> 6.93 | F50: =IFERROR(INDEX(Densities,MATCH(D50,LineTags,0)),"") -> 992.858 | G50: 0.3 | H50: =IFERROR(SQRT((4*E50)/(PI()*F50*G50))*1000,"") -> 172.11451 | I50: =IFERROR(VLOOKUP(ROUNDUP(H50,-1),PipeReference,2,TRUE),"Check Size") -> 202.74 | J50: =IFERROR((4*E50)/(PI()*F50*(I50/1000)^2),"") -> 0.21621077
A51: =A50+1 -> 46 | B51: 200-40-SS-DW-06 | C51: Distillate | D51: =INPUT_DATA!A51 -> D6 | E51: =IFERROR(INDEX(FlowRates_kgs,MATCH(D51,LineTags,0)),"") -> 7.98 | F51: =IFERROR(INDEX(Densities,MATCH(D51,LineTags,0)),"") -> 993.693 | G51: 0.3 | H51: =IFERROR(SQRT((4*E51)/(PI()*F51*G51))*1000,"") -> 184.61618 | I51: =IFERROR(VLOOKUP(ROUNDUP(H51,-1),PipeReference,2,TRUE),"Check Size") -> 202.74 | J51: =IFERROR((4*E51)/(PI()*F51*(I51/1000)^2),"") -> 0.24876077
A52: =A51+1 -> 47 | B52: 200-40-SS-DW-07 | C52: Distillate | D52: =INPUT_DATA!A52 -> D7 | E52: =IFERROR(INDEX(FlowRates_kgs,MATCH(D52,LineTags,0)),"") -> 9.06 | F52: =IFERROR(INDEX(Densities,MATCH(D52,LineTags,0)),"") -> 994.476 | G52: 0.3 | H52: =IFERROR(SQRT((4*E52)/(PI()*F52*G52))*1000,"") -> 196.63525 | I52: =IFERROR(VLOOKUP(ROUNDUP(H52,-1),PipeReference,2,TRUE),"Check Size") -> 202.74 | J52: =IFERROR((4*E52)/(PI()*F52*(I52/1000)^2),"") -> 0.28220527
A53: =A52+1 -> 48 | B53: 250-40-SS-DW-08 | C53: Distillate | D53: =INPUT_DATA!A53 -> D8 | E53: =IFERROR(INDEX(FlowRates_kgs,MATCH(D53,LineTags,0)),"") -> 10.21 | F53: =IFERROR(INDEX(Densities,MATCH(D53,LineTags,0)),"") -> 995.244 | G53: 0.3 | H53: =IFERROR(SQRT((4*E53)/(PI()*F53*G53))*1000,"") -> 208.66159 | I53: =IFERROR(VLOOKUP(ROUNDUP(H53,-1),PipeReference,2,TRUE),"Check Size") -> 254.56 | J53: =IFERROR((4*E53)/(PI()*F53*(I53/1000)^2),"") -> 0.20157003
A54: =A53+1 -> 49 | B54: 450-40-SS-DW-09 | C54: Distillate | D54: =INPUT_DATA!A54 -> D9 | E54: =IFERROR(INDEX(FlowRates_kgs,MATCH(D54,LineTags,0)),"") -> 11.51 | F54: =IFERROR(INDEX(Densities,MATCH(D54,LineTags,0)),"") -> 996.019 | G54: 0.1 | H54: =IFERROR(SQRT((4*E54)/(PI()*F54*G54))*1000,"") -> 383.58261 | I54: =IFERROR(VLOOKUP(ROUNDUP(H54,-1),PipeReference,2,TRUE),"Check Size") -> 428.6 | J54: =IFERROR((4*E54)/(PI()*F54*(I54/1000)^2),"") -> 0.08009649
A55: =A54+1 -> 50 | B55: 450-40-SS-DW-10 | C55: Distillate | D55: =INPUT_DATA!A55 -> D10 | E55: =IFERROR(INDEX(FlowRates_kgs,MATCH(D55,LineTags,0)),"") -> 11.58 | F55: =IFERROR(INDEX(Densities,MATCH(D55,LineTags,0)),"") -> 991.33398 | G55: 0.1 | H55: =IFERROR(SQRT((4*E55)/(PI()*F55*G55))*1000,"") -> 385.65533 | I55: =IFERROR(VLOOKUP(ROUNDUP(H55,-1),PipeReference,2,TRUE),"Check Size") -> 428.6 | J55: =IFERROR((4*E55)/(PI()*F55*(I55/1000)^2),"") -> 0.080964446
A56: =A55+1 -> 51 | B56: 100-40-SS-DW-11 | C56: Distillate | D56: =INPUT_DATA!A56 -> D11 | E56: =IFERROR(INDEX(FlowRates_kgs,MATCH(D56,LineTags,0)),"") -> 11.58 | F56: =IFERROR(INDEX(Densities,MATCH(D56,LineTags,0)),"") -> 991.33398 | G56: 1.5 | H56: =IFERROR(SQRT((4*E56)/(PI()*F56*G56))*1000,"") -> 99.575779 | I56: =IFERROR(VLOOKUP(ROUNDUP(H56,-1),PipeReference,2,TRUE),"Check Size") -> 102.26 | J56: =IFERROR((4*E56)/(PI()*F56*(I56/1000)^2),"") -> 1.4222866
A57: =A56+1 -> 52 | B57: 100-40-SS-DW-12 | C57: Distillate | D57: =INPUT_DATA!A57 -> D12 | E57: =IFERROR(INDEX(FlowRates_kgs,MATCH(D57,LineTags,0)),"") -> 11.58 | F57: =IFERROR(INDEX(Densities,MATCH(D57,LineTags,0)),"") -> 991.33398 | G57: 1.5 | H57: =IFERROR(SQRT((4*E57)/(PI()*F57*G57))*1000,"") -> 99.575779 | I57: =IFERROR(VLOOKUP(ROUNDUP(H57,-1),PipeReference,2,TRUE),"Check Size") -> 102.26 | J57: =IFERROR((4*E57)/(PI()*F57*(I57/1000)^2),"") -> 1.4222866
A58: =A57+1 -> 53 | B58: 100-40-SS-DW-13 | C58: Distillate | D58: =INPUT_DATA!A57 -> D12 | E58: =IFERROR(INDEX(FlowRates_kgs,MATCH(D58,LineTags,0)),"") -> 11.58 | F58: =IFERROR(INDEX(Densities,MATCH(D58,LineTags,0)),"") -> 991.33398 | G58: 1.5 | H58: =IFERROR(SQRT((4*E58)/(PI()*F58*G58))*1000,"") -> 99.575779 | I58: =IFERROR(VLOOKUP(ROUNDUP(H58,-1),PipeReference,2,TRUE),"Check Size") -> 102.26 | J58: =IFERROR((4*E58)/(PI()*F58*(I58/1000)^2),"") -> 1.4222866
A59: =A58+1 -> 54 | B59: 100-40-SS-DW-14 | C59: Distillate | D59: =INPUT_DATA!A57 -> D12 | E59: =IFERROR(INDEX(FlowRates_kgs,MATCH(D59,LineTags,0)),"") -> 11.58 | F59: =IFERROR(INDEX(Densities,MATCH(D59,LineTags,0)),"") -> 991.33398 | G59: 1.5 | H59: =IFERROR(SQRT((4*E59)/(PI()*F59*G59))*1000,"") -> 99.575779 | I59: =IFERROR(VLOOKUP(ROUNDUP(H59,-1),PipeReference,2,TRUE),"Check Size") -> 102.26 | J59: =IFERROR((4*E59)/(PI()*F59*(I59/1000)^2),"") -> 1.4222866
A60: =A59+1 -> 55 | B60: 100-40-SS-DW-15 | C60: Distillate | D60: =INPUT_DATA!A60 -> D15 | E60: =IFERROR(INDEX(FlowRates_kgs,MATCH(D60,LineTags,0)),"") -> 0.611 | F60: =IFERROR(INDEX(Densities,MATCH(D60,LineTags,0)),"") -> 996.019 | G60: 1.5 | H60: =IFERROR(SQRT((4*E60)/(PI()*F60*G60))*1000,"") -> 22.81898 | I60: =IFERROR(VLOOKUP(ROUNDUP(H60,-1),PipeReference,2,TRUE),"Check Size") -> 40.94 | J60: =IFERROR((4*E60)/(PI()*F60*(I60/1000)^2),"") -> 0.46600227
A61: =A60+1 -> 56 | B61: 100-40-SS-DW-16 | C61: Distillate | D61: =INPUT_DATA!A60 -> D15 | E61: =IFERROR(INDEX(FlowRates_kgs,MATCH(D61,LineTags,0)),"") -> 0.611 | F61: =IFERROR(INDEX(Densities,MATCH(D61,LineTags,0)),"") -> 996.019 | G61: 1.5 | H61: =IFERROR(SQRT((4*E61)/(PI()*F61*G61))*1000,"") -> 22.81898 | I61: =IFERROR(VLOOKUP(ROUNDUP(H61,-1),PipeReference,2,TRUE),"Check Size") -> 40.94 | J61: =IFERROR((4*E61)/(PI()*F61*(I61/1000)^2),"") -> 0.46600227
A62: =A61+1 -> 57 | B62: 100-40-SS-DW-17 | C62: Distillate | D62: =INPUT_DATA!A60 -> D15 | E62: =IFERROR(INDEX(FlowRates_kgs,MATCH(D62,LineTags,0)),"") -> 0.611 | F62: =IFERROR(INDEX(Densities,MATCH(D62,LineTags,0)),"") -> 996.019 | G62: 1.5 | H62: =IFERROR(SQRT((4*E62)/(PI()*F62*G62))*1000,"") -> 22.81898 | I62: =IFERROR(VLOOKUP(ROUNDUP(H62,-1),PipeReference,2,TRUE),"Check Size") -> 40.94 | J62: =IFERROR((4*E62)/(PI()*F62*(I62/1000)^2),"") -> 0.46600227
A63: =A62+1 -> 58 | B63: 100-40-SS-DW-18 | C63: Distillate | D63: =INPUT_DATA!A60 -> D15 | E63: =IFERROR(INDEX(FlowRates_kgs,MATCH(D63,LineTags,0)),"") -> 0.611 | F63: =IFERROR(INDEX(Densities,MATCH(D63,LineTags,0)),"") -> 996.019 | G63: 1.5 | H63: =IFERROR(SQRT((4*E63)/(PI()*F63*G63))*1000,"") -> 22.81898 | I63: =IFERROR(VLOOKUP(ROUNDUP(H63,-1),PipeReference,2,TRUE),"Check Size") -> 40.94 | J63: =IFERROR((4*E63)/(PI()*F63*(I63/1000)^2),"") -> 0.46600227
A64: =A63+1 -> 59 | B64: 25-40-SS-DW-19 | C64: Distillate | D64: =INPUT_DATA!A61 -> D16 | E64: =IFERROR(INDEX(FlowRates_kgs,MATCH(D64,LineTags,0)),"") -> 0.04 | F64: =IFERROR(INDEX(Densities,MATCH(D64,LineTags,0)),"") -> 993.44785 | G64: 2 | H64: =IFERROR(SQRT((4*E64)/(PI()*F64*G64))*1000,"") -> 5.0628787 | I64: =IFERROR(VLOOKUP(ROUNDUP(H64,-1),PipeReference,2,TRUE),"Check Size") -> 15.76 | J64: =IFERROR((4*E64)/(PI()*F64*(I64/1000)^2),"") -> 0.20640139
A65: =A64+1 -> 60 | B65: 25-40-SS-DW-20 | C65: Distillate | D65: =INPUT_DATA!A61 -> D16 | E65: =IFERROR(INDEX(FlowRates_kgs,MATCH(D65,LineTags,0)),"") -> 0.04 | F65: =IFERROR(INDEX(Densities,MATCH(D65,LineTags,0)),"") -> 993.44785 | G65: 2 | H65: =IFERROR(SQRT((4*E65)/(PI()*F65*G65))*1000,"") -> 5.0628787 | I65: =IFERROR(VLOOKUP(ROUNDUP(H65,-1),PipeReference,2,TRUE),"Check Size") -> 15.76 | J65: =IFERROR((4*E65)/(PI()*F65*(I65/1000)^2),"") -> 0.20640139
A66: =A65+1 -> 61 | B66: 25-40-SS-DW-21 | C66: Distillate | D66: =INPUT_DATA!A61 -> D16 | E66: =IFERROR(INDEX(FlowRates_kgs,MATCH(D66,LineTags,0)),"") -> 0.04 | F66: =IFERROR(INDEX(Densities,MATCH(D66,LineTags,0)),"") -> 993.44785 | G66: 2 | H66: =IFERROR(SQRT((4*E66)/(PI()*F66*G66))*1000,"") -> 5.0628787 | I66: =IFERROR(VLOOKUP(ROUNDUP(H66,-1),PipeReference,2,TRUE),"Check Size") -> 15.76 | J66: =IFERROR((4*E66)/(PI()*F66*(I66/1000)^2),"") -> 0.20640139
A67: =A66+1 -> 62 | B67: 25-40-SS-DW-22 | C67: Distillate | D67: =INPUT_DATA!A61 -> D16 | E67: =IFERROR(INDEX(FlowRates_kgs,MATCH(D67,LineTags,0)),"") -> 0.04 | F67: =IFERROR(INDEX(Densities,MATCH(D67,LineTags,0)),"") -> 993.44785 | G67: 2 | H67: =IFERROR(SQRT((4*E67)/(PI()*F67*G67))*1000,"") -> 5.0628787 | I67: =IFERROR(VLOOKUP(ROUNDUP(H67,-1),PipeReference,2,TRUE),"Check Size") -> 15.76 | J67: =IFERROR((4*E67)/(PI()*F67*(I67/1000)^2),"") -> 0.20640139
A68: =A67+1 -> 63 | B68: 300-40-SS-DW-23 | C68: Distillate | D68: =INPUT_DATA!A65 -> D20 | E68: =IFERROR(INDEX(FlowRates_kgs,MATCH(D68,LineTags,0)),"") -> 5.9580322 | F68: =IFERROR(INDEX(Densities,MATCH(D68,LineTags,0)),"") -> 992.86869 | G68: 0.1 | H68: =IFERROR(SQRT((4*E68)/(PI()*F68*G68))*1000,"") -> 276.41434 | I68: =IFERROR(VLOOKUP(ROUNDUP(H68,-1),PipeReference,2,TRUE),"Check Size") -> 303.64 | J68: =IFERROR((4*E68)/(PI()*F68*(I68/1000)^2),"") -> 0.082871115
A69: =A68+1 -> 64 | B69: 80-40-SS-DW-24 | C69: Distillate | D69: =INPUT_DATA!A65 -> D20 | E69: =IFERROR(INDEX(FlowRates_kgs,MATCH(D69,LineTags,0)),"") -> 5.9580322 | F69: =IFERROR(INDEX(Densities,MATCH(D69,LineTags,0)),"") -> 992.86869 | G69: 2 | H69: =IFERROR(SQRT((4*E69)/(PI()*F69*G69))*1000,"") -> 61.808126 | I69: =IFERROR(VLOOKUP(ROUNDUP(H69,-1),PipeReference,2,TRUE),"Check Size") -> 77.92 | J69: =IFERROR((4*E69)/(PI()*F69*(I69/1000)^2),"") -> 1.2584132
A70: =A69+1 -> 65 | B70: 80-40-SS-DW-25 | C70: Distillate | D70: =INPUT_DATA!A64 -> D19 | E70: =IFERROR(INDEX(FlowRates_kgs,MATCH(D70,LineTags,0)),"") -> 6.2462516 | F70: =IFERROR(INDEX(Densities,MATCH(D70,LineTags,0)),"") -> 980.51871 | G70: 2 | H70: =IFERROR(SQRT((4*E70)/(PI()*F70*G70))*1000,"") -> 63.682757 | I70: =IFERROR(VLOOKUP(ROUNDUP(H70,-1),PipeReference,2,TRUE),"Check Size") -> 77.92 | J70: =IFERROR((4*E70)/(PI()*F70*(I70/1000)^2),"") -> 1.3359057
A71: =A70+1 -> 66 | B71: 15-40-SS-DW-26 | C71: Distillate | D71: =INPUT_DATA!A68 -> D23 | E71: =IFERROR(INDEX(FlowRates_kgs,MATCH(D71,LineTags,0)),"") -> 3.0588346 | F71: =IFERROR(INDEX(Densities,MATCH(D71,LineTags,0)),"") -> 977.32147 | G71: 1 | H71: =IFERROR(SQRT((4*E71)/(PI()*F71*G71))*1000,"") -> 63.126882 | I71: =IFERROR(VLOOKUP(ROUNDUP(H71,-1),PipeReference,2,TRUE),"Check Size") -> 77.92 | J71: =IFERROR((4*E71)/(PI()*F71*(I71/1000)^2),"") -> 0.6563429
A72: =A71+1 -> 67 | B72: 15-40-SS-DW-27 | C72: Distillate | D72: =INPUT_DATA!A68 -> D23 | E72: =IFERROR(INDEX(FlowRates_kgs,MATCH(D72,LineTags,0)),"") -> 3.0588346 | F72: =IFERROR(INDEX(Densities,MATCH(D72,LineTags,0)),"") -> 977.32147 | G72: 1.5 | H72: =IFERROR(SQRT((4*E72)/(PI()*F72*G72))*1000,"") -> 51.542883 | I72: =IFERROR(VLOOKUP(ROUNDUP(H72,-1),PipeReference,2,TRUE),"Check Size") -> 62.68 | J72: =IFERROR((4*E72)/(PI()*F72*(I72/1000)^2),"") -> 1.01431
A73: =A72+1 -> 68 | B73: 200-40-SS-DW-28 | C73: Distillate | D73: =INPUT_DATA!A69 -> D24 | E73: =IFERROR(INDEX(FlowRates_kgs,MATCH(D73,LineTags,0)),"") -> 4.5588346 | F73: =IFERROR(INDEX(Densities,MATCH(D73,LineTags,0)),"") -> 0 | G73: 0.1 | H73: =IFERROR(SQRT((4*E73)/(PI()*F73*G73))*1000,"") | I73: =IFERROR(VLOOKUP(ROUNDUP(H73,-1),PipeReference,2,TRUE),"Check Size") -> Check Size | J73: =IFERROR((4*E73)/(PI()*F73*(I73/1000)^2),"")
A74: =A73+1 -> 69 | B74: 50-40-SS-DW-29 | C74: Distillate | D74: =INPUT_DATA!A69 -> D24 | E74: =IFERROR(INDEX(FlowRates_kgs,MATCH(D74,LineTags,0)),"") -> 4.5588346 | F74: =IFERROR(INDEX(Densities,MATCH(D74,LineTags,0)),"") -> 0 | G74: 2 | H74: =IFERROR(SQRT((4*E74)/(PI()*F74*G74))*1000,"") | I74: =IFERROR(VLOOKUP(ROUNDUP(H74,-1),PipeReference,2,TRUE),"Check Size") -> Check Size | J74: =IFERROR((4*E74)/(PI()*F74*(I74/1000)^2),"")
A75: =A74+1 -> 70 | B75: 50-40-SS-DW-30 | C75: Distillate | D75: =INPUT_DATA!A67 -> D22 | E75: =IFERROR(INDEX(FlowRates_kgs,MATCH(D75,LineTags,0)),"") -> 3.1 | F75: =IFERROR(INDEX(Densities,MATCH(D75,LineTags,0)),"") -> 972.92379 | G75: 2 | H75: =IFERROR(SQRT((4*E75)/(PI()*F75*G75))*1000,"") -> 45.038249 | I75: =IFERROR(VLOOKUP(ROUNDUP(H75,-1),PipeReference,2,TRUE),"Check Size") -> 52.48 | J75: =IFERROR((4*E75)/(PI()*F75*(I75/1000)^2),"") -> 1.4730088
A76: =A75+1 -> 71 | B76: 25-40-SS-DW-31 | C76: Distillate | D76: =INPUT_DATA!A63 -> D18 | E76: =IFERROR(INDEX(FlowRates_kgs,MATCH(D76,LineTags,0)),"") -> 0.14 | F76: =IFERROR(INDEX(Densities,MATCH(D76,LineTags,0)),"") -> 996.019 | G76: 1.5 | H76: =IFERROR(SQRT((4*E76)/(PI()*F76*G76))*1000,"") -> 10.922942 | I76: =IFERROR(VLOOKUP(ROUNDUP(H76,-1),PipeReference,2,TRUE),"Check Size") -> 26.64 | J76: =IFERROR((4*E76)/(PI()*F76*(I76/1000)^2),"") -> 0.25217504
A77: =A76+1 -> 72 | B77: 80-40-SS-DW-32 | C77: Distillate | D77: =INPUT_DATA!A70 -> D25 | E77: =IFERROR(INDEX(FlowRates_kgs,MATCH(D77,LineTags,0)),"") -> 0.070788069 | F77: =IFERROR(INDEX(Densities,MATCH(D77,LineTags,0)),"") -> 994.12085 | G77: 0.02 | H77: =IFERROR(SQRT((4*E77)/(PI()*F77*G77))*1000,"") -> 67.328743 | I77: =IFERROR(VLOOKUP(ROUNDUP(H77,-1),PipeReference,2,TRUE),"Check Size") -> 77.92 | J77: =IFERROR((4*E77)/(PI()*F77*(I77/1000)^2),"") -> 0.01493252
A78: STEAM LINE
A79: =A77+1 -> 73 | B79: XXX-40-SS-ST-01 | C79: Steam | D79: =INPUT_DATA!A72 -> S1 | E79: =IFERROR(INDEX(FlowRates_kgs,MATCH(D79,LineTags,0)),"") -> 1.5 | F79: =IFERROR(INDEX(Densities,MATCH(D79,LineTags,0)),"") -> 0.16317 | G79: 35 | H79: =IFERROR(SQRT((4*E79)/(PI()*F79*G79))*1000,"") -> 578.2911 | I79: =IFERROR(VLOOKUP(ROUNDUP(H79,-1),PipeReference,2,TRUE),"Check Size") -> Plate | J79: =IFERROR((4*E79)/(PI()*F79*(I79/1000)^2),"")
A80: =A79+1 -> 74 | B80: XXX-40-SS-ST-02 | C80: Steam | D80: =INPUT_DATA!A73 -> S2 | E80: =IFERROR(INDEX(FlowRates_kgs,MATCH(D80,LineTags,0)),"") -> 1.3 | F80: =IFERROR(INDEX(Densities,MATCH(D80,LineTags,0)),"") -> 0.13921 | G80: 35 | H80: =IFERROR(SQRT((4*E80)/(PI()*F80*G80))*1000,"") -> 582.85093 | I80: =IFERROR(VLOOKUP(ROUNDUP(H80,-1),PipeReference,2,TRUE),"Check Size") -> Plate | J80: =IFERROR((4*E80)/(PI()*F80*(I80/1000)^2),"")
A81: =A80+1 -> 75 | B81: ID720-THK-SS-ST-03 | C81: Steam | D81: =INPUT_DATA!A74 -> S3 | E81: =IFERROR(INDEX(FlowRates_kgs,MATCH(D81,LineTags,0)),"") -> 1.16 | F81: =IFERROR(INDEX(Densities,MATCH(D81,LineTags,0)),"") -> 0.12016 | G81: 24 | H81: =IFERROR(SQRT((4*E81)/(PI()*F81*G81))*1000,"") -> 715.64637 | I81: =IFERROR(VLOOKUP(ROUNDUP(H81,-1),PipeReference,2,TRUE),"Check Size") -> Plate | J81: =IFERROR((4*E81)/(PI()*F81*(I81/1000)^2),"")
A82: =A81+1 -> 76 | B82: XXX-40-SS-ST-04 | C82: Steam | D82: =INPUT_DATA!A75 -> S4 | E82: =IFERROR(INDEX(FlowRates_kgs,MATCH(D82,LineTags,0)),"") -> 1.08 | F82: =IFERROR(INDEX(Densities,MATCH(D82,LineTags,0)),"") -> 0.10435 | G82: 35 | H82: =IFERROR(SQRT((4*E82)/(PI()*F82*G82))*1000,"") -> 613.60189 | I82: =IFERROR(VLOOKUP(ROUNDUP(H82,-1),PipeReference,2,TRUE),"Check Size") -> Plate | J82: =IFERROR((4*E82)/(PI()*F82*(I82/1000)^2),"")
A83: =A82+1 -> 77 | B83: XXX-40-SS-ST-05 | C83: Steam | D83: =INPUT_DATA!A76 -> S5 | E83: =IFERROR(INDEX(FlowRates_kgs,MATCH(D83,LineTags,0)),"") -> 1.06 | F83: =IFERROR(INDEX(Densities,MATCH(D83,LineTags,0)),"") -> 0.09086 | G83: 35 | H83: =IFERROR(SQRT((4*E83)/(PI()*F83*G83))*1000,"") -> 651.45977 | I83: =IFERROR(VLOOKUP(ROUNDUP(H83,-1),PipeReference,2,TRUE),"Check Size") -> Plate | J83: =IFERROR((4*E83)/(PI()*F83*(I83/1000)^2),"")
A84: =A83+1 -> 78 | B84: ID820-THK-SS-ST-06 | C84: Steam | D84: =INPUT_DATA!A77 -> S6 | E84: =IFERROR(INDEX(FlowRates_kgs,MATCH(D84,LineTags,0)),"") -> 1.08 | F84: =IFERROR(INDEX(Densities,MATCH(D84,LineTags,0)),"") -> 0.07892 | G84: 26 | H84: =IFERROR(SQRT((4*E84)/(PI()*F84*G84))*1000,"") -> 818.62824 | I84: =IFERROR(VLOOKUP(ROUNDUP(H84,-1),PipeReference,2,TRUE),"Check Size") -> Plate | J84: =IFERROR((4*E84)/(PI()*F84*(I84/1000)^2),"")
A85: =A84+1 -> 79 | B85: XXX-40-SS-ST-07 | C85: Steam | D85: =INPUT_DATA!A78 -> S7 | E85: =IFERROR(INDEX(FlowRates_kgs,MATCH(D85,LineTags,0)),"") -> 1.15 | F85: =IFERROR(INDEX(Densities,MATCH(D85,LineTags,0)),"") -> 0.06791 | G85: 35 | H85: =IFERROR(SQRT((4*E85)/(PI()*F85*G85))*1000,"") -> 784.87969 | I85: =IFERROR(VLOOKUP(ROUNDUP(H85,-1),PipeReference,2,TRUE),"Check Size") -> Plate | J85: =IFERROR((4*E85)/(PI()*F85*(I85/1000)^2),"")
A86: =A85+1 -> 80 | B86: XXX-40-SS-ST-08 | C86: Steam | D86: =INPUT_DATA!A79 -> S8 | E86: =IFERROR(INDEX(FlowRates_kgs,MATCH(D86,LineTags,0)),"") -> 1.3 | F86: =IFERROR(INDEX(Densities,MATCH(D86,LineTags,0)),"") -> 0.05745 | G86: 35 | H86: =IFERROR(SQRT((4*E86)/(PI()*F86*G86))*1000,"") -> 907.29329 | I86: =IFERROR(VLOOKUP(ROUNDUP(H86,-1),PipeReference,2,TRUE),"Check Size") -> Plate | J86: =IFERROR((4*E86)/(PI()*F86*(I86/1000)^2),"")
A87: =A86+1 -> 81 | B87: ID1100-THK-SS-ST-09 | C87: Steam | D87: =INPUT_DATA!A80 -> S9 | E87: =IFERROR(INDEX(FlowRates_kgs,MATCH(D87,LineTags,0)),"") -> 1.84 | F87: =IFERROR(INDEX(Densities,MATCH(D87,LineTags,0)),"") -> 0.04722 | G87: 41 | H87: =IFERROR(SQRT((4*E87)/(PI()*F87*G87))*1000,"") -> 1100.0415 | I87: =IFERROR(VLOOKUP(ROUNDUP(H87,-1),PipeReference,2,TRUE),"Check Size") -> Plate | J87: =IFERROR((4*E87)/(PI()*F87*(I87/1000)^2),"")
A88: =A87+1 -> 82 | B88: XXX-40-SS-ST-10 | C88: Steam | D88: =INPUT_DATA!A81 -> S10 | E88: =IFERROR(INDEX(FlowRates_kgs,MATCH(D88,LineTags,0)),"") -> 0 | F88: =IFERROR(INDEX(Densities,MATCH(D88,LineTags,0)),"") -> 0 | G88: 35 | H88: =IFERROR(SQRT((4*E88)/(PI()*F88*G88))*1000,"") | I88: =IFERROR(VLOOKUP(ROUNDUP(H88,-1),PipeReference,2,TRUE),"Check Size") -> Check Size | J88: =IFERROR((4*E88)/(PI()*F88*(I88/1000)^2),"")
A89: =A88+1 -> 83 | B89: XXX-40-SS-ST-11 | C89: Steam | D89: =INPUT_DATA!A82 -> S11 | E89: =IFERROR(INDEX(FlowRates_kgs,MATCH(D89,LineTags,0)),"") -> 0 | F89: =IFERROR(INDEX(Densities,MATCH(D89,LineTags,0)),"") -> 0 | G89: 35 | H89: =IFERROR(SQRT((4*E89)/(PI()*F89*G89))*1000,"") | I89: =IFERROR(VLOOKUP(ROUNDUP(H89,-1),PipeReference,2,TRUE),"Check Size") -> Check Size | J89: =IFERROR((4*E89)/(PI()*F89*(I89/1000)^2),"")
A90: =A89+1 -> 84 | B90: XXX-40-SS-ST-12 | C90: Steam | D90: =INPUT_DATA!A83 -> S12 | E90: =IFERROR(INDEX(FlowRates_kgs,MATCH(D90,LineTags,0)),"") -> 0 | F90: =IFERROR(INDEX(Densities,MATCH(D90,LineTags,0)),"") -> 0 | G90: 35 | H90: =IFERROR(SQRT((4*E90)/(PI()*F90*G90))*1000,"") | I90: =IFERROR(VLOOKUP(ROUNDUP(H90,-1),PipeReference,2,TRUE),"Check Size") -> Check Size | J90: =IFERROR((4*E90)/(PI()*F90*(I90/1000)^2),"")
A91: =A90+1 -> 85 | B91: 500-40-SS-ST-13 | C91: Steam | D91: =INPUT_DATA!A84 -> S13 | E91: =IFERROR(INDEX(FlowRates_kgs,MATCH(D91,LineTags,0)),"") -> 0.29 | F91: =IFERROR(INDEX(Densities,MATCH(D91,LineTags,0)),"") -> 0.047309447 | G91: 36 | H91: =IFERROR(SQRT((4*E91)/(PI()*F91*G91))*1000,"") -> 465.61705 | I91: =IFERROR(VLOOKUP(ROUNDUP(H91,-1),PipeReference,2,TRUE),"Check Size") -> 477.82 | J91: =IFERROR((4*E91)/(PI()*F91*(I91/1000)^2),"") -> 34.184686
A92: =A91+1 -> 86 | B92: 150-40-SS-ST-14 | C92: Steam | D92: =INPUT_DATA!A85 -> S14 | E92: =IFERROR(INDEX(FlowRates_kgs,MATCH(D92,LineTags,0)),"") -> 0.041165354 | F92: =IFERROR(INDEX(Densities,MATCH(D92,LineTags,0)),"") -> 0.20256018 | G92: 25 | H92: =IFERROR(SQRT((4*E92)/(PI()*F92*G92))*1000,"") -> 101.73583 | I92: =IFERROR(VLOOKUP(ROUNDUP(H92,-1),PipeReference,2,TRUE),"Check Size") -> 154.08 | J92: =IFERROR((4*E92)/(PI()*F92*(I92/1000)^2),"") -> 10.899218
A93: NCG LINE
A94: =A92+1 -> 87 | B94: 40-40-SS-NCG-01 | C94: Non-Condensable Gas | D94: =INPUT_DATA!A88 -> NCG1 | E94: =IFERROR(INDEX(FlowRates_kgs,MATCH(D94,LineTags,0)),"") -> 0.00012613889 | F94: =IFERROR(INDEX(Densities,MATCH(D94,LineTags,0)),"") -> 0.32860311 | G94: 0.5 | H94: =IFERROR(SQRT((4*E94)/(PI()*F94*G94))*1000,"") -> 31.265021 | I94: =IFERROR(VLOOKUP(ROUNDUP(H94,-1),PipeReference,2,TRUE),"Check Size") -> 40.94 | J94: =IFERROR((4*E94)/(PI()*F94*(I94/1000)^2),"") -> 0.29160286
A95: =A94+1 -> 88 | B95: 40-40-SS-NCG-02 | C95: Non-Condensable Gas | D95: =INPUT_DATA!A89 -> NCG2 | E95: =IFERROR(INDEX(FlowRates_kgs,MATCH(D95,LineTags,0)),"") -> 0.00025680556 | F95: =IFERROR(INDEX(Densities,MATCH(D95,LineTags,0)),"") -> 0.25987611 | G95: 1 | H95: =IFERROR(SQRT((4*E95)/(PI()*F95*G95))*1000,"") -> 35.471054 | I95: =IFERROR(VLOOKUP(ROUNDUP(H95,-1),PipeReference,2,TRUE),"Check Size") -> 40.94 | J95: =IFERROR((4*E95)/(PI()*F95*(I95/1000)^2),"") -> 0.75067595
A96: =A95+1 -> 89 | B96: 40-40-SS-NCG-03 | C96: Non-Condensable Gas | D96: =INPUT_DATA!A90 -> NCG3 | E96: =IFERROR(INDEX(FlowRates_kgs,MATCH(D96,LineTags,0)),"") -> 0.00039786111 | F96: =IFERROR(INDEX(Densities,MATCH(D96,LineTags,0)),"") -> 0.21216308 | G96: 1.5 | H96: =IFERROR(SQRT((4*E96)/(PI()*F96*G96))*1000,"") -> 39.897003 | I96: =IFERROR(VLOOKUP(ROUNDUP(H96,-1),PipeReference,2,TRUE),"Check Size") -> 40.94 | J96: =IFERROR((4*E96)/(PI()*F96*(I96/1000)^2),"") -> 1.4245448
A97: =A96+1 -> 90 | B97: 50-40-SS-NCG-04 | C97: Non-Condensable Gas | D97: =INPUT_DATA!A91 -> NCG4 | E97: =IFERROR(INDEX(FlowRates_kgs,MATCH(D97,LineTags,0)),"") -> 0.00055730556 | F97: =IFERROR(INDEX(Densities,MATCH(D97,LineTags,0)),"") -> 0.18040608 | G97: 2 | H97: =IFERROR(SQRT((4*E97)/(PI()*F97*G97))*1000,"") -> 44.346685 | I97: =IFERROR(VLOOKUP(ROUNDUP(H97,-1),PipeReference,2,TRUE),"Check Size") -> 52.48 | J97: =IFERROR((4*E97)/(PI()*F97*(I97/1000)^2),"") -> 1.4281199
A98: =A97+1 -> 91 | B98: 50-40-SS-NCG-05 | C98: Non-Condensable Gas | D98: =INPUT_DATA!A92 -> NCG5 | E98: =IFERROR(INDEX(FlowRates_kgs,MATCH(D98,LineTags,0)),"") -> 0.00073813889 | F98: =IFERROR(INDEX(Densities,MATCH(D98,LineTags,0)),"") -> 0.15148078 | G98: 3 | H98: =IFERROR(SQRT((4*E98)/(PI()*F98*G98))*1000,"") -> 45.476257 | I98: =IFERROR(VLOOKUP(ROUNDUP(H98,-1),PipeReference,2,TRUE),"Check Size") -> 52.48 | J98: =IFERROR((4*E98)/(PI()*F98*(I98/1000)^2),"") -> 2.2526983
A99: =A98+1 -> 92 | B99: 50-40-SS-NCG-06 | C99: Non-Condensable Gas | D99: =INPUT_DATA!A93 -> NCG6 | E99: =IFERROR(INDEX(FlowRates_kgs,MATCH(D99,LineTags,0)),"") -> 0.00095905556 | F99: =IFERROR(INDEX(Densities,MATCH(D99,LineTags,0)),"") -> 0.12632252 | G99: 4 | H99: =IFERROR(SQRT((4*E99)/(PI()*F99*G99))*1000,"") -> 49.159398 | I99: =IFERROR(VLOOKUP(ROUNDUP(H99,-1),PipeReference,2,TRUE),"Check Size") -> 52.48 | J99: =IFERROR((4*E99)/(PI()*F99*(I99/1000)^2),"") -> 3.5098249
A100: =A99+1 -> 93 | B100: 50-40-SS-NCG-07 | C100: Non-Condensable Gas | D100: =INPUT_DATA!A94 -> NCG7 | E100: =IFERROR(INDEX(FlowRates_kgs,MATCH(D100,LineTags,0)),"") -> 0.0011809722 | F100: =IFERROR(INDEX(Densities,MATCH(D100,LineTags,0)),"") -> 0.1074064 | G100: 6 | H100: =IFERROR(SQRT((4*E100)/(PI()*F100*G100))*1000,"") -> 48.304122 | I100: =IFERROR(VLOOKUP(ROUNDUP(H100,-1),PipeReference,2,TRUE),"Check Size") -> 52.48 | J100: =IFERROR((4*E100)/(PI()*F100*(I100/1000)^2),"") -> 5.083139
A101: =A100+1 -> 94 | B101: 100-40-SS-NCG-08 | C101: Non-Condensable Gas | D101: =INPUT_DATA!A95 -> NCG8 | E101: =IFERROR(INDEX(FlowRates_kgs,MATCH(D101,LineTags,0)),"") -> 0.0057625 | F101: =IFERROR(INDEX(Densities,MATCH(D101,LineTags,0)),"") -> 0.072101938 | G101: 12 | H101: =IFERROR(SQRT((4*E101)/(PI()*F101*G101))*1000,"") -> 92.086599 | I101: =IFERROR(VLOOKUP(ROUNDUP(H101,-1),PipeReference,2,TRUE),"Check Size") -> 102.26 | J101: =IFERROR((4*E101)/(PI()*F101*(I101/1000)^2),"") -> 9.7311136
A102: =A101+1 -> 95 | B102: 200-40-SS-NCG-09 | C102: Non-Condensable Gas | D102: =INPUT_DATA!A96 -> NCG9 | E102: =IFERROR(INDEX(FlowRates_kgs,MATCH(D102,LineTags,0)),"") -> 0.032908333 | F102: =IFERROR(INDEX(Densities,MATCH(D102,LineTags,0)),"") -> 0.056641586 | G102: 20 | H102: =IFERROR(SQRT((4*E102)/(PI()*F102*G102))*1000,"") -> 192.32038 | I102: =IFERROR(VLOOKUP(ROUNDUP(H102,-1),PipeReference,2,TRUE),"Check Size") -> 202.74 | J102: =IFERROR((4*E102)/(PI()*F102*(I102/1000)^2),"") -> 17.997066
A103: =A102+1 -> 96 | B103: XX-40-SS-NCG-10 | C103: Non-Condensable Gas | D103: =INPUT_DATA!A97 -> NCG10 | E103: =IFERROR(INDEX(FlowRates_kgs,MATCH(D103,LineTags,0)),"") -> 0 | F103: =IFERROR(INDEX(Densities,MATCH(D103,LineTags,0)),"") -> 0 | G103: 45 | H103: =IFERROR(SQRT((4*E103)/(PI()*F103*G103))*1000,"") | I103: =IFERROR(VLOOKUP(ROUNDUP(H103,-1),PipeReference,2,TRUE),"Check Size") -> Check Size | J103: =IFERROR((4*E103)/(PI()*F103*(I103/1000)^2),"")
...

Sheet LIST OF INSTRUMENTS
A1: S.No | B1: P&ID No | C1: Line No. | D1: TAG NO. | E1: INSTRUMENT VALVE No. | F1: SERVICE LOCATION | G1: INSTRUMENT TYPE | H1: Fluid | I1: Operation Condition | U1: Instrument data | AA1: Reference Hookup Diagram | AB1: Signal Type & Location | AE1: Instrument Model No | AF1: Accessories (Monifold/ TE/TW, etc,) | AG1: Remarks
I2: Pressure (m bar (a)) | L2: Temperature (Deg C) | O2: Flow rate (kg/hr) | R2: TDS (ppm) | U2: Inst. Range | V2: Type | W2: End connection | X2: MOC | Y2: Installation | Z2: Accessories | AB2: Local | AC2: PLC | AD2: I/O Type
I3: Min. | J3: Nor. | K3: Max. | L3: Min. | M3: Nor. | N3: Max. | O3: Min. | P3: Nor. | Q3: Max. | R3: Min. | S3: Nor. | T3: Max.
A4: 1 | B4: SP40-01-03-001 | C4: ='LIST OF LINES'!B4 -> 200-40-SS-SW-01 | D4: PIT-101 | E4: IV-101 | F4: Suction Side - Sea water pump skid | G4: Pressure Indicating Transmitter | H4: Sea water | J4: =IFERROR(INDEX(Pressures_mbar,MATCH(INDEX(LOL_LineTags,MATCH(C4,LOL_LineNumbers,0)),LineTags,0)),IFERROR(INDEX(LOE_Pressures,MATCH(C4,LOE_EquipNames,0)),INDEX(LOE_Pressures,MATCH(C4,LOE_EquipTags,0)))) -> 1000 | M4: =IFERROR(INDEX(Temperatures,MATCH(INDEX(LOL_LineTags,MATCH(C4,LOL_LineNumbers,0)),LineTags,0)),IFERROR(INDEX(LOE_Temperatures,MATCH(C4,LOE_EquipNames,0)),INDEX(LOE_Temperatures,MATCH(C4,LOE_EquipTags,0)))) -> 30 | P4: =IFERROR(INDEX(FlowRates_kghr,MATCH(INDEX(LOL_LineTags,MATCH(C4,LOL_LineNumbers,0)),LineTags,0)),"") -> 115522.21 | S4: =IFERROR(INDEX(TDS_Values,MATCH(INDEX(LOL_LineTags,MATCH(C4,LOL_LineNumbers,0)),LineTags,0)),"") -> 39504.432
A5: =A4+1 -> 2 | B5: SP40-01-03-001 | C5: ='LIST OF LINES'!$B$5 -> 200-40-SS-SW-02 | D5: PG-101 | E5: IV-102 | F5: Sea water pump-1 discharge pressure | G5: Pressure Gauge | H5: Sea water | J5: =IFERROR(INDEX(Pressures_mbar,MATCH(INDEX(LOL_LineTags,MATCH(C5,LOL_LineNumbers,0)),LineTags,0)),IFERROR(INDEX(LOE_Pressures,MATCH(C5,LOE_EquipNames,0)),INDEX(LOE_Pressures,MATCH(C5,LOE_EquipTags,0)))) -> 3500 | M5: =IFERROR(INDEX(Temperatures,MATCH(INDEX(LOL_LineTags,MATCH(C5,LOL_LineNumbers,0)),LineTags,0)),IFERROR(INDEX(LOE_Temperatures,MATCH(C5,LOE_EquipNames,0)),INDEX(LOE_Temperatures,MATCH(C5,LOE_EquipTags,0)))) -> 30.086198 | P5: =IFERROR(INDEX(FlowRates_kghr,MATCH(INDEX(LOL_LineTags,MATCH(C5,LOL_LineNumbers,0)),LineTags,0)),"") -> 115522.21 | S5: =IFERROR(INDEX(TDS_Values,MATCH(INDEX(LOL_LineTags,MATCH(C5,LOL_LineNumbers,0)),LineTags,0)),"") -> 39504.432
A6: =A5+1 -> 3 | B6: SP40-01-03-001 | C6: ='LIST OF LINES'!$B$5 -> 200-40-SS-SW-02 | D6: PG-102 | E6: IV-103 | F6: Discharge Side - Sea water pump-2 | G6: Pressure Gauge | H6: Sea water | J6: =IFERROR(INDEX(Pressures_mbar,MATCH(INDEX(LOL_LineTags,MATCH(C6,LOL_LineNumbers,0)),LineTags,0)),IFERROR(INDEX(LOE_Pressures,MATCH(C6,LOE_EquipNames,0)),INDEX(LOE_Pressures,MATCH(C6,LOE_EquipTags,0)))) -> 3500 | M6: =IFERROR(INDEX(Temperatures,MATCH(INDEX(LOL_LineTags,MATCH(C6,LOL_LineNumbers,0)),LineTags,0)),IFERROR(INDEX(LOE_Temperatures,MATCH(C6,LOE_EquipNames,0)),INDEX(LOE_Temperatures,MATCH(C6,LOE_EquipTags,0)))) -> 30.086198 | P6: =IFERROR(INDEX(FlowRates_kghr,MATCH(INDEX(LOL_LineTags,MATCH(C6,LOL_LineNumbers,0)),LineTags,0)),"") -> 115522.21 | S6: =IFERROR(INDEX(TDS_Values,MATCH(INDEX(LOL_LineTags,MATCH(C6,LOL_LineNumbers,0)),LineTags,0)),"") -> 39504.432
A7: =A6+1 -> 4 | B7: SP40-01-03-001 | C7: ='LIST OF LINES'!$B$5 -> 200-40-SS-SW-02 | D7: PSL-101 | E7: IV-104 | F7: Discharge Side - Sea water pump | G7: Pressure Switch | H7: Sea water | J7: =IFERROR(INDEX(Pressures_mbar,MATCH(INDEX(LOL_LineTags,MATCH(C7,LOL_LineNumbers,0)),LineTags,0)),IFERROR(INDEX(LOE_Pressures,MATCH(C7,LOE_EquipNames,0)),INDEX(LOE_Pressures,MATCH(C7,LOE_EquipTags,0)))) -> 3500 | M7: =IFERROR(INDEX(Temperatures,MATCH(INDEX(LOL_LineTags,MATCH(C7,LOL_LineNumbers,0)),LineTags,0)),IFERROR(INDEX(LOE_Temperatures,MATCH(C7,LOE_EquipNames,0)),INDEX(LOE_Temperatures,MATCH(C7,LOE_EquipTags,0)))) -> 30.086198 | P7: =IFERROR(INDEX(FlowRates_kghr,MATCH(INDEX(LOL_LineTags,MATCH(C7,LOL_LineNumbers,0)),LineTags,0)),"") -> 115522.21 | S7: =IFERROR(INDEX(TDS_Values,MATCH(INDEX(LOL_LineTags,MATCH(C7,LOL_LineNumbers,0)),LineTags,0)),"") -> 39504.432
A8: =A7+1 -> 5 | B8: SP40-01-03-001 | C8: ='LIST OF LINES'!$B$5 -> 200-40-SS-SW-02 | D8: PIT-102 | E8: IV-105 | F8: Discharge Side - Sea water pump skid | G8: Pressure Indicating Transmitter | H8: Sea water | J8: =IFERROR(INDEX(Pressures_mbar,MATCH(INDEX(LOL_LineTags,MATCH(C8,LOL_LineNumbers,0)),LineTags,0)),IFERROR(INDEX(LOE_Pressures,MATCH(C8,LOE_EquipNames,0)),INDEX(LOE_Pressures,MATCH(C8,LOE_EquipTags,0)))) -> 3500 | M8: =IFERROR(INDEX(Temperatures,MATCH(INDEX(LOL_LineTags,MATCH(C8,LOL_LineNumbers,0)),LineTags,0)),IFERROR(INDEX(LOE_Temperatures,MATCH(C8,LOE_EquipNames,0)),INDEX(LOE_Temperatures,MATCH(C8,LOE_EquipTags,0)))) -> 30.086198 | P8: =IFERROR(INDEX(FlowRates_kghr,MATCH(INDEX(LOL_LineTags,MATCH(C8,LOL_LineNumbers,0)),LineTags,0)),"") -> 115522.21 | S8: =IFERROR(INDEX(TDS_Values,MATCH(INDEX(LOL_LineTags,MATCH(C8,LOL_LineNumbers,0)),LineTags,0)),"") -> 39504.432
A9: =A8+1 -> 6 | B9: SP40-01-03-001 | C9: ='LIST OF LINES'!$B$5 -> 200-40-SS-SW-02 | D9: TE-101 | F9: Delivery Side - Sea water pump | G9: Temperature Element with TW | H9: Sea water | J9: =IFERROR(INDEX(Pressures_mbar,MATCH(INDEX(LOL_LineTags,MATCH(C9,LOL_LineNumbers,0)),LineTags,0)),IFERROR(INDEX(LOE_Pressures,MATCH(C9,LOE_EquipNames,0)),INDEX(LOE_Pressures,MATCH(C9,LOE_EquipTags,0)))) -> 3500 | M9: =IFERROR(INDEX(Temperatures,MATCH(INDEX(LOL_LineTags,MATCH(C9,LOL_LineNumbers,0)),LineTags,0)),IFERROR(INDEX(LOE_Temperatures,MATCH(C9,LOE_EquipNames,0)),INDEX(LOE_Temperatures,MATCH(C9,LOE_EquipTags,0)))) -> 30.086198 | P9: =IFERROR(INDEX(FlowRates_kghr,MATCH(INDEX(LOL_LineTags,MATCH(C9,LOL_LineNumbers,0)),LineTags,0)),"") -> 115522.21 | S9: =IFERROR(INDEX(TDS_Values,MATCH(INDEX(LOL_LineTags,MATCH(C9,LOL_LineNumbers,0)),LineTags,0)),"") -> 39504.432
A10: =A9+1 -> 7 | B10: SP40-01-03-001 | C10: ='LIST OF LINES'!$B$5 -> 200-40-SS-SW-02 | D10: TIT-101 | F10: Delivery Side - Sea water pump skid | G10: Temperature Indicating Transmitter | H10: Sea water | J10: =IFERROR(INDEX(Pressures_mbar,MATCH(INDEX(LOL_LineTags,MATCH(C10,LOL_LineNumbers,0)),LineTags,0)),IFERROR(INDEX(LOE_Pressures,MATCH(C10,LOE_EquipNames,0)),INDEX(LOE_Pressures,MATCH(C10,LOE_EquipTags,0)))) -> 3500 | M10: =IFERROR(INDEX(Temperatures,MATCH(INDEX(LOL_LineTags,MATCH(C10,LOL_LineNumbers,0)),LineTags,0)),IFERROR(INDEX(LOE_Temperatures,MATCH(C10,LOE_EquipNames,0)),INDEX(LOE_Temperatures,MATCH(C10,LOE_EquipTags,0)))) -> 30.086198 | P10: =IFERROR(INDEX(FlowRates_kghr,MATCH(INDEX(LOL_LineTags,MATCH(C10,LOL_LineNumbers,0)),LineTags,0)),"") -> 115522.21 | S10: =IFERROR(INDEX(TDS_Values,MATCH(INDEX(LOL_LineTags,MATCH(C10,LOL_LineNumbers,0)),LineTags,0)),"") -> 39504.432
A11: =A10+1 -> 8 | B11: SP40-01-03-001 | C11: ='LIST OF LINES'!$B$5 -> 200-40-SS-SW-02 | D11: FIT-110 | F11: Delivery Side - Sea water pump skid | G11: Electro Magnetic Flow meter | H11: Sea water | J11: =IFERROR(INDEX(Pressures_mbar,MATCH(INDEX(LOL_LineTags,MATCH(C11,LOL_LineNumbers,0)),LineTags,0)),IFERROR(INDEX(LOE_Pressures,MATCH(C11,LOE_EquipNames,0)),INDEX(LOE_Pressures,MATCH(C11,LOE_EquipTags,0)))) -> 3500 | M11: =IFERROR(INDEX(Temperatures,MATCH(INDEX(LOL_LineTags,MATCH(C11,LOL_LineNumbers,0)),LineTags,0)),IFERROR(INDEX(LOE_Temperatures,MATCH(C11,LOE_EquipNames,0)),INDEX(LOE_Temperatures,MATCH(C11,LOE_EquipTags,0)))) -> 30.086198 | P11: =IFERROR(INDEX(FlowRates_kghr,MATCH(INDEX(LOL_LineTags,MATCH(C11,LOL_LineNumbers,0)),LineTags,0)),"") -> 115522.21 | S11: =IFERROR(INDEX(TDS_Values,MATCH(INDEX(LOL_LineTags,MATCH(C11,LOL_LineNumbers,0)),LineTags,0)),"") -> 39504.432
A12: =A11+1 -> 9 | B12: SP40-01-03-001 | C12: ='LIST OF LINES'!$B$5 -> 200-40-SS-SW-02 | D12: CIT-101 | E12: IV-109 | F12: Delivery Side - Sea water pump skid | G12: Conductivity Transmitter | H12: Sea water | J12: =IFERROR(INDEX(Pressures_mbar,MATCH(INDEX(LOL_LineTags,MATCH(C12,LOL_LineNumbers,0)),LineTags,0)),IFERROR(INDEX(LOE_Pressures,MATCH(C12,LOE_EquipNames,0)),INDEX(LOE_Pressures,MATCH(C12,LOE_EquipTags,0)))) -> 3500 | M12: =IFERROR(INDEX(Temperatures,MATCH(INDEX(LOL_LineTags,MATCH(C12,LOL_LineNumbers,0)),LineTags,0)),IFERROR(INDEX(LOE_Temperatures,MATCH(C12,LOE_EquipNames,0)),INDEX(LOE_Temperatures,MATCH(C12,LOE_EquipTags,0)))) -> 30.086198 | P12: =IFERROR(INDEX(FlowRates_kghr,MATCH(INDEX(LOL_LineTags,MATCH(C12,LOL_LineNumbers,0)),LineTags,0)),"") -> 115522.21 | S12: =IFERROR(INDEX(TDS_Values,MATCH(INDEX(LOL_LineTags,MATCH(C12,LOL_LineNumbers,0)),LineTags,0)),"") -> 39504.432
A13: =A12+1 -> 10 | B13: SP40-01-03-001 | C13: ='LIST OF LINES'!$B$7 -> 100-40-SS-SW-04 | D13: PIT-103 | E13: IV-106 | F13: Distillate Plate Heat Exchanger - Outlet | G13: Pressure Indicating Transmitter | H13: Sea water | J13: =IFERROR(INDEX(Pressures_mbar,MATCH(INDEX(LOL_LineTags,MATCH(C13,LOL_LineNumbers,0)),LineTags,0)),IFERROR(INDEX(LOE_Pressures,MATCH(C13,LOE_EquipNames,0)),INDEX(LOE_Pressures,MATCH(C13,LOE_EquipTags,0)))) -> 3500 | M13: =IFERROR(INDEX(Temperatures,MATCH(INDEX(LOL_LineTags,MATCH(C13,LOL_LineNumbers,0)),LineTags,0)),IFERROR(INDEX(LOE_Temperatures,MATCH(C13,LOE_EquipNames,0)),INDEX(LOE_Temperatures,MATCH(C13,LOE_EquipTags,0)))) -> 36 | P13: =IFERROR(INDEX(FlowRates_kghr,MATCH(INDEX(LOL_LineTags,MATCH(C13,LOL_LineNumbers,0)),LineTags,0)),"") -> 40282.214 | S13: =IFERROR(INDEX(TDS_Values,MATCH(INDEX(LOL_LineTags,MATCH(C13,LOL_LineNumbers,0)),LineTags,0)),"") -> 39504.432
A14: =A13+1 -> 11 | B14: SP40-01-03-001 | C14: ='LIST OF LINES'!$B$7 -> 100-40-SS-SW-04 | D14: TE-102 | F14: Distillate Plate Heat Exchanger - Outlet | G14: Temperature Element with TW | H14: Sea water | J14: =IFERROR(INDEX(Pressures_mbar,MATCH(INDEX(LOL_LineTags,MATCH(C14,LOL_LineNumbers,0)),LineTags,0)),IFERROR(INDEX(LOE_Pressures,MATCH(C14,LOE_EquipNames,0)),INDEX(LOE_Pressures,MATCH(C14,LOE_EquipTags,0)))) -> 3500 | M14: =IFERROR(INDEX(Temperatures,MATCH(INDEX(LOL_LineTags,MATCH(C14,LOL_LineNumbers,0)),LineTags,0)),IFERROR(INDEX(LOE_Temperatures,MATCH(C14,LOE_EquipNames,0)),INDEX(LOE_Temperatures,MATCH(C14,LOE_EquipTags,0)))) -> 36 | P14: =IFERROR(INDEX(FlowRates_kghr,MATCH(INDEX(LOL_LineTags,MATCH(C14,LOL_LineNumbers,0)),LineTags,0)),"") -> 40282.214 | S14: =IFERROR(INDEX(TDS_Values,MATCH(INDEX(LOL_LineTags,MATCH(C14,LOL_LineNumbers,0)),LineTags,0)),"") -> 39504.432
A15: =A14+1 -> 12 | B15: SP40-01-03-001 | C15: ='LIST OF LINES'!$B$7 -> 100-40-SS-SW-04 | D15: TIT-102 | F15: Distillate Plate Heat Exchanger - Outlet | G15: Temperature Indicating Transmitter | H15: Sea water | J15: =IFERROR(INDEX(Pressures_mbar,MATCH(INDEX(LOL_LineTags,MATCH(C15,LOL_LineNumbers,0)),LineTags,0)),IFERROR(INDEX(LOE_Pressures,MATCH(C15,LOE_EquipNames,0)),INDEX(LOE_Pressures,MATCH(C15,LOE_EquipTags,0)))) -> 3500 | M15: =IFERROR(INDEX(Temperatures,MATCH(INDEX(LOL_LineTags,MATCH(C15,LOL_LineNumbers,0)),LineTags,0)),IFERROR(INDEX(LOE_Temperatures,MATCH(C15,LOE_EquipNames,0)),INDEX(LOE_Temperatures,MATCH(C15,LOE_EquipTags,0)))) -> 36 | P15: =IFERROR(INDEX(FlowRates_kghr,MATCH(INDEX(LOL_LineTags,MATCH(C15,LOL_LineNumbers,0)),LineTags,0)),"") -> 40282.214 | S15: =IFERROR(INDEX(TDS_Values,MATCH(INDEX(LOL_LineTags,MATCH(C15,LOL_LineNumbers,0)),LineTags,0)),"") -> 39504.432
A16: =A15+1 -> 13 | B16: SP40-01-03-002 | C16: ='LIST OF LINES'!B8 -> 65-40-SS-SW-05 | D16: ZT-101 | F16: MED - 1st effect | G16: Position Transmitter | H16: Sea water | J16: =IFERROR(INDEX(Pressures_mbar,MATCH(INDEX(LOL_LineTags,MATCH(C16,LOL_LineNumbers,0)),LineTags,0)),IFERROR(INDEX(LOE_Pressures,MATCH(C16,LOE_EquipNames,0)),INDEX(LOE_Pressures,MATCH(C16,LOE_EquipTags,0)))) -> 3500 | M16: =IFERROR(INDEX(Temperatures,MATCH(INDEX(LOL_LineTags,MATCH(C16,LOL_LineNumbers,0)),LineTags,0)),IFERROR(INDEX(LOE_Temperatures,MATCH(C16,LOE_EquipNames,0)),INDEX(LOE_Temperatures,MATCH(C16,LOE_EquipTags,0)))) -> 36 | P16: =IFERROR(INDEX(FlowRates_kghr,MATCH(INDEX(LOL_LineTags,MATCH(C16,LOL_LineNumbers,0)),LineTags,0)),"") -> 13427.405 | S16: =IFERROR(INDEX(TDS_Values,MATCH(INDEX(LOL_LineTags,MATCH(C16,LOL_LineNumbers,0)),LineTags,0)),"") -> 39504.432
A17: =A16+1 -> 14 | B17: SP40-01-03-002 | C17: ='LIST OF LINES'!B8 -> 65-40-SS-SW-05 | D17: FIT-101 | F17: MED - 1st effect sea water flow | G17: Electro Magnetic Flow meter | H17: Sea water | J17: =IFERROR(INDEX(Pressures_mbar,MATCH(INDEX(LOL_LineTags,MATCH(C17,LOL_LineNumbers,0)),LineTags,0)),IFERROR(INDEX(LOE_Pressures,MATCH(C17,LOE_EquipNames,0)),INDEX(LOE_Pressures,MATCH(C17,LOE_EquipTags,0)))) -> 3500 | M17: =IFERROR(INDEX(Temperatures,MATCH(INDEX(LOL_LineTags,MATCH(C17,LOL_LineNumbers,0)),LineTags,0)),IFERROR(INDEX(LOE_Temperatures,MATCH(C17,LOE_EquipNames,0)),INDEX(LOE_Temperatures,MATCH(C17,LOE_EquipTags,0)))) -> 36 | P17: =IFERROR(INDEX(FlowRates_kghr,MATCH(INDEX(LOL_LineTags,MATCH(C17,LOL_LineNumbers,0)),LineTags,0)),"") -> 13427.405 | S17: =IFERROR(INDEX(TDS_Values,MATCH(INDEX(LOL_LineTags,MATCH(C17,LOL_LineNumbers,0)),LineTags,0)),"") -> 39504.432
A18: =A17+1 -> 15 | B18: SP40-01-03-002 | C18: ='LIST OF LINES'!B9 -> 65-40-SS-SW-06 | D18: ZT-102 | F18: MED - 2nd effect | G18: Position Transmitter | H18: Sea water | J18: =IFERROR(INDEX(Pressures_mbar,MATCH(INDEX(LOL_LineTags,MATCH(C18,LOL_LineNumbers,0)),LineTags,0)),IFERROR(INDEX(LOE_Pressures,MATCH(C18,LOE_EquipNames,0)),INDEX(LOE_Pressures,MATCH(C18,LOE_EquipTags,0)))) -> 3500 | M18: =IFERROR(INDEX(Temperatures,MATCH(INDEX(LOL_LineTags,MATCH(C18,LOL_LineNumbers,0)),LineTags,0)),IFERROR(INDEX(LOE_Temperatures,MATCH(C18,LOE_EquipNames,0)),INDEX(LOE_Temperatures,MATCH(C18,LOE_EquipTags,0)))) -> 36 | P18: =IFERROR(INDEX(FlowRates_kghr,MATCH(INDEX(LOL_LineTags,MATCH(C18,LOL_LineNumbers,0)),LineTags,0)),"") -> 13427.405 | S18: =IFERROR(INDEX(TDS_Values,MATCH(INDEX(LOL_LineTags,MATCH(C18,LOL_LineNumbers,0)),LineTags,0)),"") -> 39504.432
A19: =A18+1 -> 16 | B19: SP40-01-03-002 | C19: ='LIST OF LINES'!B9 -> 65-40-SS-SW-06 | D19: FIT-102 | F19: MED - 2nd effect sea water flow | G19: Electro Magnetic Flow meter | H19: Sea water | J19: =IFERROR(INDEX(Pressures_mbar,MATCH(INDEX(LOL_LineTags,MATCH(C19,LOL_LineNumbers,0)),LineTags,0)),IFERROR(INDEX(LOE_Pressures,MATCH(C19,LOE_EquipNames,0)),INDEX(LOE_Pressures,MATCH(C19,LOE_EquipTags,0)))) -> 3500 | M19: =IFERROR(INDEX(Temperatures,MATCH(INDEX(LOL_LineTags,MATCH(C19,LOL_LineNumbers,0)),LineTags,0)),IFERROR(INDEX(LOE_Temperatures,MATCH(C19,LOE_EquipNames,0)),INDEX(LOE_Temperatures,MATCH(C19,LOE_EquipTags,0)))) -> 36 | P19: =IFERROR(INDEX(FlowRates_kghr,MATCH(INDEX(LOL_LineTags,MATCH(C19,LOL_LineNumbers,0)),LineTags,0)),"") -> 13427.405 | S19: =IFERROR(INDEX(TDS_Values,MATCH(INDEX(LOL_LineTags,MATCH(C19,LOL_LineNumbers,0)),LineTags,0)),"") -> 39504.432
A20: =A19+1 -> 17 | B20: SP40-01-03-002 | C20: ='LIST OF LINES'!B10 -> 65-40-SS-SW-07 | D20: ZT-103 | F20: MED - 3rd effect | G20: Position Transmitter | H20: Sea water | J20: =IFERROR(INDEX(Pressures_mbar,MATCH(INDEX(LOL_LineTags,MATCH(C20,LOL_LineNumbers,0)),LineTags,0)),IFERROR(INDEX(LOE_Pressures,MATCH(C20,LOE_EquipNames,0)),INDEX(LOE_Pressures,MATCH(C20,LOE_EquipTags,0)))) -> 3500 | M20: =IFERROR(INDEX(Temperatures,MATCH(INDEX(LOL_LineTags,MATCH(C20,LOL_LineNumbers,0)),LineTags,0)),IFERROR(INDEX(LOE_Temperatures,MATCH(C20,LOE_EquipNames,0)),INDEX(LOE_Temperatures,MATCH(C20,LOE_EquipTags,0)))) -> 36 | P20: =IFERROR(INDEX(FlowRates_kghr,MATCH(INDEX(LOL_LineTags,MATCH(C20,LOL_LineNumbers,0)),LineTags,0)),"") -> 13427.405 | S20: =IFERROR(INDEX(TDS_Values,MATCH(INDEX(LOL_LineTags,MATCH(C20,LOL_LineNumbers,0)),LineTags,0)),"") -> 39504.432
A21: =A20+1 -> 18 | B21: SP40-01-03-002 | C21: ='LIST OF LINES'!B10 -> 65-40-SS-SW-07 | D21: FIT-103 | F21: MED - 3rd effect sea water flow | G21: Electro Magnetic Flow meter | H21: Sea water | J21: =IFERROR(INDEX(Pressures_mbar,MATCH(INDEX(LOL_LineTags,MATCH(C21,LOL_LineNumbers,0)),LineTags,0)),IFERROR(INDEX(LOE_Pressures,MATCH(C21,LOE_EquipNames,0)),INDEX(LOE_Pressures,MATCH(C21,LOE_EquipTags,0)))) -> 3500 | M21: =IFERROR(INDEX(Temperatures,MATCH(INDEX(LOL_LineTags,MATCH(C21,LOL_LineNumbers,0)),LineTags,0)),IFERROR(INDEX(LOE_Temperatures,MATCH(C21,LOE_EquipNames,0)),INDEX(LOE_Temperatures,MATCH(C21,LOE_EquipTags,0)))) -> 36 | P21: =IFERROR(INDEX(FlowRates_kghr,MATCH(INDEX(LOL_LineTags,MATCH(C21,LOL_LineNumbers,0)),LineTags,0)),"") -> 13427.405 | S21: =IFERROR(INDEX(TDS_Values,MATCH(INDEX(LOL_LineTags,MATCH(C21,LOL_LineNumbers,0)),LineTags,0)),"") -> 39504.432
A22: =A21+1 -> 19 | B22: SP40-01-03-001 | C22: ='LIST OF LINES'!B12 -> 100-40-SS-SW-09 | D22: PIT-104 | E22: IV-107 | F22: Brine Plate Heat Exchanger - Outlet | G22: Pressure Indicating Transmitter | H22: Sea water | J22: =IFERROR(INDEX(Pressures_mbar,MATCH(INDEX(LOL_LineTags,MATCH(C22,LOL_LineNumbers,0)),LineTags,0)),IFERROR(INDEX(LOE_Pressures,MATCH(C22,LOE_EquipNames,0)),INDEX(LOE_Pressures,MATCH(C22,LOE_EquipTags,0)))) -> 3500 | M22: =IFERROR(INDEX(Temperatures,MATCH(INDEX(LOL_LineTags,MATCH(C22,LOL_LineNumbers,0)),LineTags,0)),IFERROR(INDEX(LOE_Temperatures,MATCH(C22,LOE_EquipNames,0)),INDEX(LOE_Temperatures,MATCH(C22,LOE_EquipTags,0)))) -> 36.45 | P22: =IFERROR(INDEX(FlowRates_kghr,MATCH(INDEX(LOL_LineTags,MATCH(C22,LOL_LineNumbers,0)),LineTags,0)),"") -> 35640 | S22: =IFERROR(INDEX(TDS_Values,MATCH(INDEX(LOL_LineTags,MATCH(C22,LOL_LineNumbers,0)),LineTags,0)),"") -> 39504.432
A23: =A22+1 -> 20 | B23: SP40-01-03-001 | C23: ='LIST OF LINES'!B12 -> 100-40-SS-SW-09 | D23: TE-103 | F23: Brine Plate Heat Exchanger - Outlet | G23: Temperature Element with TW | H23: Sea water | J23: =IFERROR(INDEX(Pressures_mbar,MATCH(INDEX(LOL_LineTags,MATCH(C23,LOL_LineNumbers,0)),LineTags,0)),IFERROR(INDEX(LOE_Pressures,MATCH(C23,LOE_EquipNames,0)),INDEX(LOE_Pressures,MATCH(C23,LOE_EquipTags,0)))) -> 3500 | M23: =IFERROR(INDEX(Temperatures,MATCH(INDEX(LOL_LineTags,MATCH(C23,LOL_LineNumbers,0)),LineTags,0)),IFERROR(INDEX(LOE_Temperatures,MATCH(C23,LOE_EquipNames,0)),INDEX(LOE_Temperatures,MATCH(C23,LOE_EquipTags,0)))) -> 36.45 | P23: =IFERROR(INDEX(FlowRates_kghr,MATCH(INDEX(LOL_LineTags,MATCH(C23,LOL_LineNumbers,0)),LineTags,0)),"") -> 35640 | S23: =IFERROR(INDEX(TDS_Values,MATCH(INDEX(LOL_LineTags,MATCH(C23,LOL_LineNumbers,0)),LineTags,0)),"") -> 39504.432
A24: =A23+1 -> 21 | B24: SP40-01-03-001 | C24: ='LIST OF LINES'!B12 -> 100-40-SS-SW-09 | D24: TIT-103 | F24: Brine Plate Heat Exchanger - Outlet | G24: Temperature Indicating Transmitter | H24: Sea water | J24: =IFERROR(INDEX(Pressures_mbar,MATCH(INDEX(LOL_LineTags,MATCH(C24,LOL_LineNumbers,0)),LineTags,0)),IFERROR(INDEX(LOE_Pressures,MATCH(C24,LOE_EquipNames,0)),INDEX(LOE_Pressures,MATCH(C24,LOE_EquipTags,0)))) -> 3500 | M24: =IFERROR(INDEX(Temperatures,MATCH(INDEX(LOL_LineTags,MATCH(C24,LOL_LineNumbers,0)),LineTags,0)),IFERROR(INDEX(LOE_Temperatures,MATCH(C24,LOE_EquipNames,0)),INDEX(LOE_Temperatures,MATCH(C24,LOE_EquipTags,0)))) -> 36.45 | P24: =IFERROR(INDEX(FlowRates_kghr,MATCH(INDEX(LOL_LineTags,MATCH(C24,LOL_LineNumbers,0)),LineTags,0)),"") -> 35640 | S24: =IFERROR(INDEX(TDS_Values,MATCH(INDEX(LOL_LineTags,MATCH(C24,LOL_LineNumbers,0)),LineTags,0)),"") -> 39504.432
A25: =A24+1 -> 22 | B25: SP40-01-03-002 | C25: ='LIST OF LINES'!B13 -> 65-40-SS-SW-10 | D25: ZT-104 | F25: MED - 4th effect | G25: Position Transmitter | H25: Sea water | J25: =IFERROR(INDEX(Pressures_mbar,MATCH(INDEX(LOL_LineTags,MATCH(C25,LOL_LineNumbers,0)),LineTags,0)),IFERROR(INDEX(LOE_Pressures,MATCH(C25,LOE_EquipNames,0)),INDEX(LOE_Pressures,MATCH(C25,LOE_EquipTags,0)))) -> 3500 | M25: =IFERROR(INDEX(Temperatures,MATCH(INDEX(LOL_LineTags,MATCH(C25,LOL_LineNumbers,0)),LineTags,0)),IFERROR(INDEX(LOE_Temperatures,MATCH(C25,LOE_EquipNames,0)),INDEX(LOE_Temperatures,MATCH(C25,LOE_EquipTags,0)))) -> 36.45 | P25: =IFERROR(INDEX(FlowRates_kghr,MATCH(INDEX(LOL_LineTags,MATCH(C25,LOL_LineNumbers,0)),LineTags,0)),"") -> 11880 | S25: =IFERROR(INDEX(TDS_Values,MATCH(INDEX(LOL_LineTags,MATCH(C25,LOL_LineNumbers,0)),LineTags,0)),"") -> 39504.432
A26: =A25+1 -> 23 | B26: SP40-01-03-002 | C26: ='LIST OF LINES'!B13 -> 65-40-SS-SW-10 | D26: FIT-104 | F26: MED - 4th effect sea water flow | G26: Electro Magnetic Flow meter | H26: Sea water | J26: =IFERROR(INDEX(Pressures_mbar,MATCH(INDEX(LOL_LineTags,MATCH(C26,LOL_LineNumbers,0)),LineTags,0)),IFERROR(INDEX(LOE_Pressures,MATCH(C26,LOE_EquipNames,0)),INDEX(LOE_Pressures,MATCH(C26,LOE_EquipTags,0)))) -> 3500 | M26: =IFERROR(INDEX(Temperatures,MATCH(INDEX(LOL_LineTags,MATCH(C26,LOL_LineNumbers,0)),LineTags,0)),IFERROR(INDEX(LOE_Temperatures,MATCH(C26,LOE_EquipNames,0)),INDEX(LOE_Temperatures,MATCH(C26,LOE_EquipTags,0)))) -> 36.45 | P26: =IFERROR(INDEX(FlowRates_kghr,MATCH(INDEX(LOL_LineTags,MATCH(C26,LOL_LineNumbers,0)),LineTags,0)),"") -> 11880 | S26: =IFERROR(INDEX(TDS_Values,MATCH(INDEX(LOL_LineTags,MATCH(C26,LOL_LineNumbers,0)),LineTags,0)),"") -> 39504.432
A27: =A26+1 -> 24 | B27: SP40-01-03-002 | C27: ='LIST OF LINES'!B14 -> 65-40-SS-SW-11 | D27: ZT-105 | F27: MED - 5th effect | G27: Position Transmitter | H27: Sea water | J27: =IFERROR(INDEX(Pressures_mbar,MATCH(INDEX(LOL_LineTags,MATCH(C27,LOL_LineNumbers,0)),LineTags,0)),IFERROR(INDEX(LOE_Pressures,MATCH(C27,LOE_EquipNames,0)),INDEX(LOE_Pressures,MATCH(C27,LOE_EquipTags,0)))) -> 3500 | M27: =IFERROR(INDEX(Temperatures,MATCH(INDEX(LOL_LineTags,MATCH(C27,LOL_LineNumbers,0)),LineTags,0)),IFERROR(INDEX(LOE_Temperatures,MATCH(C27,LOE_EquipNames,0)),INDEX(LOE_Temperatures,MATCH(C27,LOE_EquipTags,0)))) -> 36.45 | P27: =IFERROR(INDEX(FlowRates_kghr,MATCH(INDEX(LOL_LineTags,MATCH(C27,LOL_LineNumbers,0)),LineTags,0)),"") -> 11880 | S27: =IFERROR(INDEX(TDS_Values,MATCH(INDEX(LOL_LineTags,MATCH(C27,LOL_LineNumbers,0)),LineTags,0)),"") -> 39504.432
A28: =A27+1 -> 25 | B28: SP40-01-03-002 | C28: ='LIST OF LINES'!B14 -> 65-40-SS-SW-11 | D28: FIT-105 | F28: MED - 5th effect sea water flow | G28: Electro Magnetic Flow meter | H28: Sea water | J28: =IFERROR(INDEX(Pressures_mbar,MATCH(INDEX(LOL_LineTags,MATCH(C28,LOL_LineNumbers,0)),LineTags,0)),IFERROR(INDEX(LOE_Pressures,MATCH(C28,LOE_EquipNames,0)),INDEX(LOE_Pressures,MATCH(C28,LOE_EquipTags,0)))) -> 3500 | M28: =IFERROR(INDEX(Temperatures,MATCH(INDEX(LOL_LineTags,MATCH(C28,LOL_LineNumbers,0)),LineTags,0)),IFERROR(INDEX(LOE_Temperatures,MATCH(C28,LOE_EquipNames,0)),INDEX(LOE_Temperatures,MATCH(C28,LOE_EquipTags,0)))) -> 36.45 | P28: =IFERROR(INDEX(FlowRates_kghr,MATCH(INDEX(LOL_LineTags,MATCH(C28,LOL_LineNumbers,0)),LineTags,0)),"") -> 11880 | S28: =IFERROR(INDEX(TDS_Values,MATCH(INDEX(LOL_LineTags,MATCH(C28,LOL_LineNumbers,0)),LineTags,0)),"") -> 39504.432
A29: =A28+1 -> 26 | B29: SP40-01-03-002 | C29: ='LIST OF LINES'!B15 -> 65-40-SS-SW-12 | D29: ZT-106 | F29: MED - 6th effect | G29: Position Transmitter | H29: Sea water | J29: =IFERROR(INDEX(Pressures_mbar,MATCH(INDEX(LOL_LineTags,MATCH(C29,LOL_LineNumbers,0)),LineTags,0)),IFERROR(INDEX(LOE_Pressures,MATCH(C29,LOE_EquipNames,0)),INDEX(LOE_Pressures,MATCH(C29,LOE_EquipTags,0)))) -> 3500 | M29: =IFERROR(INDEX(Temperatures,MATCH(INDEX(LOL_LineTags,MATCH(C29,LOL_LineNumbers,0)),LineTags,0)),IFERROR(INDEX(LOE_Temperatures,MATCH(C29,LOE_EquipNames,0)),INDEX(LOE_Temperatures,MATCH(C29,LOE_EquipTags,0)))) -> 36.45 | P29: =IFERROR(INDEX(FlowRates_kghr,MATCH(INDEX(LOL_LineTags,MATCH(C29,LOL_LineNumbers,0)),LineTags,0)),"") -> 11880 | S29: =IFERROR(INDEX(TDS_Values,MATCH(INDEX(LOL_LineTags,MATCH(C29,LOL_LineNumbers,0)),LineTags,0)),"") -> 39504.432
A30: =A29+1 -> 27 | B30: SP40-01-03-002 | C30: ='LIST OF LINES'!B15 -> 65-40-SS-SW-12 | D30: FIT-106 | F30: MED - 6th effect sea water flow | G30: Electro Magnetic Flow meter | H30: Sea water | J30: =IFERROR(INDEX(Pressures_mbar,MATCH(INDEX(LOL_LineTags,MATCH(C30,LOL_LineNumbers,0)),LineTags,0)),IFERROR(INDEX(LOE_Pressures,MATCH(C30,LOE_EquipNames,0)),INDEX(LOE_Pressures,MATCH(C30,LOE_EquipTags,0)))) -> 3500 | M30: =IFERROR(INDEX(Temperatures,MATCH(INDEX(LOL_LineTags,MATCH(C30,LOL_LineNumbers,0)),LineTags,0)),IFERROR(INDEX(LOE_Temperatures,MATCH(C30,LOE_EquipNames,0)),INDEX(LOE_Temperatures,MATCH(C30,LOE_EquipTags,0)))) -> 36.45 | P30: =IFERROR(INDEX(FlowRates_kghr,MATCH(INDEX(LOL_LineTags,MATCH(C30,LOL_LineNumbers,0)),LineTags,0)),"") -> 11880 | S30: =IFERROR(INDEX(TDS_Values,MATCH(INDEX(LOL_LineTags,MATCH(C30,LOL_LineNumbers,0)),LineTags,0)),"") -> 39504.432
A31: =A30+1 -> 28 | B31: SP40-01-03-001 | C31: ='LIST OF LINES'!B17 -> 100-40-SS-SW-14 | D31: PIT-105 | E31: IV-108 | F31: Final Condenser - Outlet | G31: Pressure Indicating Transmitter | H31: Sea water | J31: =IFERROR(INDEX(Pressures_mbar,MATCH(INDEX(LOL_LineTags,MATCH(C31,LOL_LineNumbers,0)),LineTags,0)),IFERROR(INDEX(LOE_Pressures,MATCH(C31,LOE_EquipNames,0)),INDEX(LOE_Pressures,MATCH(C31,LOE_EquipTags,0)))) -> 3500 | M31: =IFERROR(INDEX(Temperatures,MATCH(INDEX(LOL_LineTags,MATCH(C31,LOL_LineNumbers,0)),LineTags,0)),IFERROR(INDEX(LOE_Temperatures,MATCH(C31,LOE_EquipNames,0)),INDEX(LOE_Temperatures,MATCH(C31,LOE_EquipTags,0)))) -> 33.90938 | P31: =IFERROR(INDEX(FlowRates_kghr,MATCH(INDEX(LOL_LineTags,MATCH(C31,LOL_LineNumbers,0)),LineTags,0)),"") -> 39600 | S31: =IFERROR(INDEX(TDS_Values,MATCH(INDEX(LOL_LineTags,MATCH(C31,LOL_LineNumbers,0)),LineTags,0)),"") -> 39504.432
A32: =A31+1 -> 29 | B32: SP40-01-03-001 | C32: ='LIST OF LINES'!B17 -> 100-40-SS-SW-14 | D32: TE-104 | F32: Final Condenser - Outlet | G32: Temperature Element with TW | H32: Sea water | J32: =IFERROR(INDEX(Pressures_mbar,MATCH(INDEX(LOL_LineTags,MATCH(C32,LOL_LineNumbers,0)),LineTags,0)),IFERROR(INDEX(LOE_Pressures,MATCH(C32,LOE_EquipNames,0)),INDEX(LOE_Pressures,MATCH(C32,LOE_EquipTags,0)))) -> 3500 | M32: =IFERROR(INDEX(Temperatures,MATCH(INDEX(LOL_LineTags,MATCH(C32,LOL_LineNumbers,0)),LineTags,0)),IFERROR(INDEX(LOE_Temperatures,MATCH(C32,LOE_EquipNames,0)),INDEX(LOE_Temperatures,MATCH(C32,LOE_EquipTags,0)))) -> 33.90938 | P32: =IFERROR(INDEX(FlowRates_kghr,MATCH(INDEX(LOL_LineTags,MATCH(C32,LOL_LineNumbers,0)),LineTags,0)),"") -> 39600 | S32: =IFERROR(INDEX(TDS_Values,MATCH(INDEX(LOL_LineTags,MATCH(C32,LOL_LineNumbers,0)),LineTags,0)),"") -> 39504.432
A33: =A32+1 -> 30 | B33: SP40-01-03-001 | C33: ='LIST OF LINES'!B17 -> 100-40-SS-SW-14 | D33: TIT-104 | F33: Final Condenser - Outlet | G33: Temperature Indicating Transmitter | H33: Sea water | J33: =IFERROR(INDEX(Pressures_mbar,MATCH(INDEX(LOL_LineTags,MATCH(C33,LOL_LineNumbers,0)),LineTags,0)),IFERROR(INDEX(LOE_Pressures,MATCH(C33,LOE_EquipNames,0)),INDEX(LOE_Pressures,MATCH(C33,LOE_EquipTags,0)))) -> 3500 | M33: =IFERROR(INDEX(Temperatures,MATCH(INDEX(LOL_LineTags,MATCH(C33,LOL_LineNumbers,0)),LineTags,0)),IFERROR(INDEX(LOE_Temperatures,MATCH(C33,LOE_EquipNames,0)),INDEX(LOE_Temperatures,MATCH(C33,LOE_EquipTags,0)))) -> 33.90938 | P33: =IFERROR(INDEX(FlowRates_kghr,MATCH(INDEX(LOL_LineTags,MATCH(C33,LOL_LineNumbers,0)),LineTags,0)),"") -> 39600 | S33: =IFERROR(INDEX(TDS_Values,MATCH(INDEX(LOL_LineTags,MATCH(C33,LOL_LineNumbers,0)),LineTags,0)),"") -> 39504.432
A34: =A33+1 -> 31 | B34: SP40-01-03-002 | C34: ='LIST OF LINES'!B18 -> 65-40-SS-SW-15 | D34: ZT-107 | F34: MED - 7th effect | G34: Position Transmitter | H34: Sea water | J34: =IFERROR(INDEX(Pressures_mbar,MATCH(INDEX(LOL_LineTags,MATCH(C34,LOL_LineNumbers,0)),LineTags,0)),IFERROR(INDEX(LOE_Pressures,MATCH(C34,LOE_EquipNames,0)),INDEX(LOE_Pressures,MATCH(C34,LOE_EquipTags,0)))) -> 3500 | M34: =IFERROR(INDEX(Temperatures,MATCH(INDEX(LOL_LineTags,MATCH(C34,LOL_LineNumbers,0)),LineTags,0)),IFERROR(INDEX(LOE_Temperatures,MATCH(C34,LOE_EquipNames,0)),INDEX(LOE_Temperatures,MATCH(C34,LOE_EquipTags,0)))) -> 33.90938 | P34: =IFERROR(INDEX(FlowRates_kghr,MATCH(INDEX(LOL_LineTags,MATCH(C34,LOL_LineNumbers,0)),LineTags,0)),"") -> 13200 | S34: =IFERROR(INDEX(TDS_Values,MATCH(INDEX(LOL_LineTags,MATCH(C34,LOL_LineNumbers,0)),LineTags,0)),"") -> 39504.432
A35: =A34+1 -> 32 | B35: SP40-01-03-002 | C35: ='LIST OF LINES'!B18 -> 65-40-SS-SW-15 | D35: FIT-107 | F35: MED - 7th effect sea water flow | G35: Electro Magnetic Flow meter | H35: Sea water | J35: =IFERROR(INDEX(Pressures_mbar,MATCH(INDEX(LOL_LineTags,MATCH(C35,LOL_LineNumbers,0)),LineTags,0)),IFERROR(INDEX(LOE_Pressures,MATCH(C35,LOE_EquipNames,0)),INDEX(LOE_Pressures,MATCH(C35,LOE_EquipTags,0)))) -> 3500 | M35: =IFERROR(INDEX(Temperatures,MATCH(INDEX(LOL_LineTags,MATCH(C35,LOL_LineNumbers,0)),LineTags,0)),IFERROR(INDEX(LOE_Temperatures,MATCH(C35,LOE_EquipNames,0)),INDEX(LOE_Temperatures,MATCH(C35,LOE_EquipTags,0)))) -> 33.90938 | P35: =IFERROR(INDEX(FlowRates_kghr,MATCH(INDEX(LOL_LineTags,MATCH(C35,LOL_LineNumbers,0)),LineTags,0)),"") -> 13200 | S35: =IFERROR(INDEX(TDS_Values,MATCH(INDEX(LOL_LineTags,MATCH(C35,LOL_LineNumbers,0)),LineTags,0)),"") -> 39504.432
A36: =A35+1 -> 33 | B36: SP40-01-03-002 | C36: ='LIST OF LINES'!B19 -> 65-40-SS-SW-16 | D36: ZT-108 | F36: MED - 8th effect | G36: Position Transmitter | H36: Sea water | J36: =IFERROR(INDEX(Pressures_mbar,MATCH(INDEX(LOL_LineTags,MATCH(C36,LOL_LineNumbers,0)),LineTags,0)),IFERROR(INDEX(LOE_Pressures,MATCH(C36,LOE_EquipNames,0)),INDEX(LOE_Pressures,MATCH(C36,LOE_EquipTags,0)))) -> 3500 | M36: =IFERROR(INDEX(Temperatures,MATCH(INDEX(LOL_LineTags,MATCH(C36,LOL_LineNumbers,0)),LineTags,0)),IFERROR(INDEX(LOE_Temperatures,MATCH(C36,LOE_EquipNames,0)),INDEX(LOE_Temperatures,MATCH(C36,LOE_EquipTags,0)))) -> 33.90938 | P36: =IFERROR(INDEX(FlowRates_kghr,MATCH(INDEX(LOL_LineTags,MATCH(C36,LOL_LineNumbers,0)),LineTags,0)),"") -> 13200 | S36: =IFERROR(INDEX(TDS_Values,MATCH(INDEX(LOL_LineTags,MATCH(C36,LOL_LineNumbers,0)),LineTags,0)),"") -> 39504.432
A37: =A36+1 -> 34 | B37: SP40-01-03-002 | C37: ='LIST OF LINES'!B19 -> 65-40-SS-SW-16 | D37: FIT-108 | F37: MED - 8th effect sea water flow | G37: Electro Magnetic Flow meter | H37: Sea water | J37: =IFERROR(INDEX(Pressures_mbar,MATCH(INDEX(LOL_LineTags,MATCH(C37,LOL_LineNumbers,0)),LineTags,0)),IFERROR(INDEX(LOE_Pressures,MATCH(C37,LOE_EquipNames,0)),INDEX(LOE_Pressures,MATCH(C37,LOE_EquipTags,0)))) -> 3500 | M37: =IFERROR(INDEX(Temperatures,MATCH(INDEX(LOL_LineTags,MATCH(C37,LOL_LineNumbers,0)),LineTags,0)),IFERROR(INDEX(LOE_Temperatures,MATCH(C37,LOE_EquipNames,0)),INDEX(LOE_Temperatures,MATCH(C37,LOE_EquipTags,0)))) -> 33.90938 | P37: =IFERROR(INDEX(FlowRates_kghr,MATCH(INDEX(LOL_LineTags,MATCH(C37,LOL_LineNumbers,0)),LineTags,0)),"") -> 13200 | S37: =IFERROR(INDEX(TDS_Values,MATCH(INDEX(LOL_LineTags,MATCH(C37,LOL_LineNumbers,0)),LineTags,0)),"") -> 39504.432
A38: =A37+1 -> 35 | B38: SP40-01-03-002 | C38: ='LIST OF LINES'!B20 -> 65-40-SS-SW-17 | D38: ZT-109 | F38: MED - 9th effect | G38: Position Transmitter | H38: Sea water | J38: =IFERROR(INDEX(Pressures_mbar,MATCH(INDEX(LOL_LineTags,MATCH(C38,LOL_LineNumbers,0)),LineTags,0)),IFERROR(INDEX(LOE_Pressures,MATCH(C38,LOE_EquipNames,0)),INDEX(LOE_Pressures,MATCH(C38,LOE_EquipTags,0)))) -> 3500 | M38: =IFERROR(INDEX(Temperatures,MATCH(INDEX(LOL_LineTags,MATCH(C38,LOL_LineNumbers,0)),LineTags,0)),IFERROR(INDEX(LOE_Temperatures,MATCH(C38,LOE_EquipNames,0)),INDEX(LOE_Temperatures,MATCH(C38,LOE_EquipTags,0)))) -> 33.90938 | P38: =IFERROR(INDEX(FlowRates_kghr,MATCH(INDEX(LOL_LineTags,MATCH(C38,LOL_LineNumbers,0)),LineTags,0)),"") -> 13200 | S38: =IFERROR(INDEX(TDS_Values,MATCH(INDEX(LOL_LineTags,MATCH(C38,LOL_LineNumbers,0)),LineTags,0)),"") -> 39504.432
A39: =A38+1 -> 36 | B39: SP40-01-03-002 | C39: ='LIST OF LINES'!B20 -> 65-40-SS-SW-17 | D39: FIT-109 | F39: MED - 9th effect sea water flow | G39: Electro Magnetic Flow meter | H39: Sea water | J39: =IFERROR(INDEX(Pressures_mbar,MATCH(INDEX(LOL_LineTags,MATCH(C39,LOL_LineNumbers,0)),LineTags,0)),IFERROR(INDEX(LOE_Pressures,MATCH(C39,LOE_EquipNames,0)),INDEX(LOE_Pressures,MATCH(C39,LOE_EquipTags,0)))) -> 3500 | M39: =IFERROR(INDEX(Temperatures,MATCH(INDEX(LOL_LineTags,MATCH(C39,LOL_LineNumbers,0)),LineTags,0)),IFERROR(INDEX(LOE_Temperatures,MATCH(C39,LOE_EquipNames,0)),INDEX(LOE_Temperatures,MATCH(C39,LOE_EquipTags,0)))) -> 33.90938 | P39: =IFERROR(INDEX(FlowRates_kghr,MATCH(INDEX(LOL_LineTags,MATCH(C39,LOL_LineNumbers,0)),LineTags,0)),"") -> 13200 | S39: =IFERROR(INDEX(TDS_Values,MATCH(INDEX(LOL_LineTags,MATCH(C39,LOL_LineNumbers,0)),LineTags,0)),"") -> 39504.432
A40: =A39+1 -> 37 | B40: SP40-01-03-002 | C40: =LIST_OF_EQUIPMENT!$B$5 -> MED - E1 | D40: LG-201 | F40: MED - 1st effect brine level | G40: Level Gauge | H40: Brine | J40: =IFERROR(INDEX(Pressures_mbar,MATCH(INDEX(LOL_LineTags,MATCH(C40,LOL_LineNumbers,0)),LineTags,0)),IFERROR(INDEX(LOE_Pressures,MATCH(C40,LOE_EquipNames,0)),INDEX(LOE_Pressures,MATCH(C40,LOE_EquipTags,0)))) -> 320.46 | M40: =IFERROR(INDEX(Temperatures,MATCH(INDEX(LOL_LineTags,MATCH(C40,LOL_LineNumbers,0)),LineTags,0)),IFERROR(INDEX(LOE_Temperatures,MATCH(C40,LOE_EquipNames,0)),INDEX(LOE_Temperatures,MATCH(C40,LOE_EquipTags,0)))) -> 70.6 | P40: =IFERROR(INDEX(FlowRates_kghr,MATCH(INDEX(LOL_LineTags,MATCH(C40,LOL_LineNumbers,0)),LineTags,0)),"") | S40: =IFERROR(INDEX(TDS_Values,MATCH(INDEX(LOL_LineTags,MATCH(C40,LOL_LineNumbers,0)),LineTags,0)),"")
A41: =A40+1 -> 38 | B41: SP40-01-03-002 | C41: =LIST_OF_EQUIPMENT!$B$5 -> MED - E1 | D41: LT-201 | E41: IV-211 & IV-212 | F41: MED - 1st effect brine level | G41: Level Transmitter | H41: Brine | J41: =IFERROR(INDEX(Pressures_mbar,MATCH(INDEX(LOL_LineTags,MATCH(C41,LOL_LineNumbers,0)),LineTags,0)),IFERROR(INDEX(LOE_Pressures,MATCH(C41,LOE_EquipNames,0)),INDEX(LOE_Pressures,MATCH(C41,LOE_EquipTags,0)))) -> 320.46 | M41: =IFERROR(INDEX(Temperatures,MATCH(INDEX(LOL_LineTags,MATCH(C41,LOL_LineNumbers,0)),LineTags,0)),IFERROR(INDEX(LOE_Temperatures,MATCH(C41,LOE_EquipNames,0)),INDEX(LOE_Temperatures,MATCH(C41,LOE_EquipTags,0)))) -> 70.6 | P41: =IFERROR(INDEX(FlowRates_kghr,MATCH(INDEX(LOL_LineTags,MATCH(C41,LOL_LineNumbers,0)),LineTags,0)),"") | S41: =IFERROR(INDEX(TDS_Values,MATCH(INDEX(LOL_LineTags,MATCH(C41,LOL_LineNumbers,0)),LineTags,0)),"")
A42: =A41+1 -> 39 | B42: SP40-01-03-002 | C42: =LIST_OF_EQUIPMENT!$B$5 -> MED - E1 | D42: LSH-201 | F42: MED - 1st effect brine water LSH | G42: Level Switch High | H42: Brine | J42: =IFERROR(INDEX(Pressures_mbar,MATCH(INDEX(LOL_LineTags,MATCH(C42,LOL_LineNumbers,0)),LineTags,0)),IFERROR(INDEX(LOE_Pressures,MATCH(C42,LOE_EquipNames,0)),INDEX(LOE_Pressures,MATCH(C42,LOE_EquipTags,0)))) -> 320.46 | M42: =IFERROR(INDEX(Temperatures,MATCH(INDEX(LOL_LineTags,MATCH(C42,LOL_LineNumbers,0)),LineTags,0)),IFERROR(INDEX(LOE_Temperatures,MATCH(C42,LOE_EquipNames,0)),INDEX(LOE_Temperatures,MATCH(C42,LOE_EquipTags,0)))) -> 70.6 | P42: =IFERROR(INDEX(FlowRates_kghr,MATCH(INDEX(LOL_LineTags,MATCH(C42,LOL_LineNumbers,0)),LineTags,0)),"") | S42: =IFERROR(INDEX(TDS_Values,MATCH(INDEX(LOL_LineTags,MATCH(C42,LOL_LineNumbers,0)),LineTags,0)),"")
A43: =A42+1 -> 40 | B43: SP40-01-03-002 | C43: =LIST_OF_EQUIPMENT!$B$5 -> MED - E1 | D43: LSL-201 | F43: MED - 1st effect brine water LSL | G43: Level Switch Low | H43: Brine | J43: =IFERROR(INDEX(Pressures_mbar,MATCH(INDEX(LOL_LineTags,MATCH(C43,LOL_LineNumbers,0)),LineTags,0)),IFERROR(INDEX(LOE_Pressures,MATCH(C43,LOE_EquipNames,0)),INDEX(LOE_Pressures,MATCH(C43,LOE_EquipTags,0)))) -> 320.46 | M43: =IFERROR(INDEX(Temperatures,MATCH(INDEX(LOL_LineTags,MATCH(C43,LOL_LineNumbers,0)),LineTags,0)),IFERROR(INDEX(LOE_Temperatures,MATCH(C43,LOE_EquipNames,0)),INDEX(LOE_Temperatures,MATCH(C43,LOE_EquipTags,0)))) -> 70.6 | P43: =IFERROR(INDEX(FlowRates_kghr,MATCH(INDEX(LOL_LineTags,MATCH(C43,LOL_LineNumbers,0)),LineTags,0)),"") | S43: =IFERROR(INDEX(TDS_Values,MATCH(INDEX(LOL_LineTags,MATCH(C43,LOL_LineNumbers,0)),LineTags,0)),"")
A44: =A43+1 -> 41 | B44: SP40-01-03-002 | C44: ='LIST OF LINES'!B22 -> 150-40-SS-BW-01 | D44: TE-210 | F44: 1st effect to 2nd effect siphon | G44: Temperature Element with TW | H44: Brine | J44: =IFERROR(INDEX(Pressures_mbar,MATCH(INDEX(LOL_LineTags,MATCH(C44,LOL_LineNumbers,0)),LineTags,0)),IFERROR(INDEX(LOE_Pressures,MATCH(C44,LOE_EquipNames,0)),INDEX(LOE_Pressures,MATCH(C44,LOE_EquipTags,0)))) -> 259.4 | M44: =IFERROR(INDEX(Temperatures,MATCH(INDEX(LOL_LineTags,MATCH(C44,LOL_LineNumbers,0)),LineTags,0)),IFERROR(INDEX(LOE_Temperatures,MATCH(C44,LOE_EquipNames,0)),INDEX(LOE_Temperatures,MATCH(C44,LOE_EquipTags,0)))) -> 66.55 | P44: =IFERROR(INDEX(FlowRates_kghr,MATCH(INDEX(LOL_LineTags,MATCH(C44,LOL_LineNumbers,0)),LineTags,0)),"") -> 14652 | S44: =IFERROR(INDEX(TDS_Values,MATCH(INDEX(LOL_LineTags,MATCH(C44,LOL_LineNumbers,0)),LineTags,0)),"") -> 63600
A45: =A44+1 -> 42 | B45: SP40-01-03-002 | C45: ='LIST OF LINES'!B22 -> 150-40-SS-BW-01 | D45: TIT-210 | F45: 1st effect to 2nd effect siphon | G45: Temperature Indicating Transmitter | H45: Brine | J45: =IFERROR(INDEX(Pressures_mbar,MATCH(INDEX(LOL_LineTags,MATCH(C45,LOL_LineNumbers,0)),LineTags,0)),IFERROR(INDEX(LOE_Pressures,MATCH(C45,LOE_EquipNames,0)),INDEX(LOE_Pressures,MATCH(C45,LOE_EquipTags,0)))) -> 259.4 | M45: =IFERROR(INDEX(Temperatures,MATCH(INDEX(LOL_LineTags,MATCH(C45,LOL_LineNumbers,0)),LineTags,0)),IFERROR(INDEX(LOE_Temperatures,MATCH(C45,LOE_EquipNames,0)),INDEX(LOE_Temperatures,MATCH(C45,LOE_EquipTags,0)))) -> 66.55 | P45: =IFERROR(INDEX(FlowRates_kghr,MATCH(INDEX(LOL_LineTags,MATCH(C45,LOL_LineNumbers,0)),LineTags,0)),"") -> 14652 | S45: =IFERROR(INDEX(TDS_Values,MATCH(INDEX(LOL_LineTags,MATCH(C45,LOL_LineNumbers,0)),LineTags,0)),"") -> 63600
A46: =A45+1 -> 43 | B46: SP40-01-03-001 | C46: =LIST_OF_EQUIPMENT!$A$17 -> Brine Tank | D46: LG-202 | F46: Brine Tank - Brine level | G46: Level Gauge | H46: Brine | J46: =IFERROR(INDEX(Pressures_mbar,MATCH(INDEX(LOL_LineTags,MATCH(C46,LOL_LineNumbers,0)),LineTags,0)),IFERROR(INDEX(LOE_Pressures,MATCH(C46,LOE_EquipNames,0)),INDEX(LOE_Pressures,MATCH(C46,LOE_EquipTags,0)))) -> 68 | M46: =IFERROR(INDEX(Temperatures,MATCH(INDEX(LOL_LineTags,MATCH(C46,LOL_LineNumbers,0)),LineTags,0)),IFERROR(INDEX(LOE_Temperatures,MATCH(C46,LOE_EquipNames,0)),INDEX(LOE_Temperatures,MATCH(C46,LOE_EquipTags,0)))) -> 39 | P46: =IFERROR(INDEX(FlowRates_kghr,MATCH(INDEX(LOL_LineTags,MATCH(C46,LOL_LineNumbers,0)),LineTags,0)),"") | S46: =IFERROR(INDEX(TDS_Values,MATCH(INDEX(LOL_LineTags,MATCH(C46,LOL_LineNumbers,0)),LineTags,0)),"")
A47: =A46+1 -> 44 | B47: SP40-01-03-001 | C47: =LIST_OF_EQUIPMENT!$A$17 -> Brine Tank | D47: LT-202 | E47: IV-213 & IV-214 | F47: Brine Tank - Brine level | G47: Level Transmitter | H47: Brine | J47: =IFERROR(INDEX(Pressures_mbar,MATCH(INDEX(LOL_LineTags,MATCH(C47,LOL_LineNumbers,0)),LineTags,0)),IFERROR(INDEX(LOE_Pressures,MATCH(C47,LOE_EquipNames,0)),INDEX(LOE_Pressures,MATCH(C47,LOE_EquipTags,0)))) -> 68 | M47: =IFERROR(INDEX(Temperatures,MATCH(INDEX(LOL_LineTags,MATCH(C47,LOL_LineNumbers,0)),LineTags,0)),IFERROR(INDEX(LOE_Temperatures,MATCH(C47,LOE_EquipNames,0)),INDEX(LOE_Temperatures,MATCH(C47,LOE_EquipTags,0)))) -> 39 | P47: =IFERROR(INDEX(FlowRates_kghr,MATCH(INDEX(LOL_LineTags,MATCH(C47,LOL_LineNumbers,0)),LineTags,0)),"") | S47: =IFERROR(INDEX(TDS_Values,MATCH(INDEX(LOL_LineTags,MATCH(C47,LOL_LineNumbers,0)),LineTags,0)),"")
A48: =A47+1 -> 45 | B48: SP40-01-03-001 | C48: =LIST_OF_EQUIPMENT!$A$17 -> Brine Tank | D48: LSH-202 | F48: Brine Tank - Brine water LSH | G48: Level Switch High | H48: Brine | J48: =IFERROR(INDEX(Pressures_mbar,MATCH(INDEX(LOL_LineTags,MATCH(C48,LOL_LineNumbers,0)),LineTags,0)),IFERROR(INDEX(LOE_Pressures,MATCH(C48,LOE_EquipNames,0)),INDEX(LOE_Pressures,MATCH(C48,LOE_EquipTags,0)))) -> 68 | M48: =IFERROR(INDEX(Temperatures,MATCH(INDEX(LOL_LineTags,MATCH(C48,LOL_LineNumbers,0)),LineTags,0)),IFERROR(INDEX(LOE_Temperatures,MATCH(C48,LOE_EquipNames,0)),INDEX(LOE_Temperatures,MATCH(C48,LOE_EquipTags,0)))) -> 39 | P48: =IFERROR(INDEX(FlowRates_kghr,MATCH(INDEX(LOL_LineTags,MATCH(C48,LOL_LineNumbers,0)),LineTags,0)),"") | S48: =IFERROR(INDEX(TDS_Values,MATCH(INDEX(LOL_LineTags,MATCH(C48,LOL_LineNumbers,0)),LineTags,0)),"")
A49: =A48+1 -> 46 | B49: SP40-01-03-001 | C49: =LIST_OF_EQUIPMENT!$A$17 -> Brine Tank | D49: LSL-202 | F49: Brine Tank - Brine water LSL | G49: Level Switch Low | H49: Brine | J49: =IFERROR(INDEX(Pressures_mbar,MATCH(INDEX(LOL_LineTags,MATCH(C49,LOL_LineNumbers,0)),LineTags,0)),IFERROR(INDEX(LOE_Pressures,MATCH(C49,LOE_EquipNames,0)),INDEX(LOE_Pressures,MATCH(C49,LOE_EquipTags,0)))) -> 68 | M49: =IFERROR(INDEX(Temperatures,MATCH(INDEX(LOL_LineTags,MATCH(C49,LOL_LineNumbers,0)),LineTags,0)),IFERROR(INDEX(LOE_Temperatures,MATCH(C49,LOE_EquipNames,0)),INDEX(LOE_Temperatures,MATCH(C49,LOE_EquipTags,0)))) -> 39 | P49: =IFERROR(INDEX(FlowRates_kghr,MATCH(INDEX(LOL_LineTags,MATCH(C49,LOL_LineNumbers,0)),LineTags,0)),"") | S49: =IFERROR(INDEX(TDS_Values,MATCH(INDEX(LOL_LineTags,MATCH(C49,LOL_LineNumbers,0)),LineTags,0)),"")
A50: =A49+1 -> 47 | B50: SP40-01-03-001 | C50: ='LIST OF LINES'!$B$32 -> XX-XX-SS-BW-11 | D50: PG-201 | E50: IV-215 | F50: Brine Re-Circulation pump 1 - Discharge pressure | G50: Pressure Gauge | H50: Brine | J50: =IFERROR(INDEX(Pressures_mbar,MATCH(INDEX(LOL_LineTags,MATCH(C50,LOL_LineNumbers,0)),LineTags,0)),IFERROR(INDEX(LOE_Pressures,MATCH(C50,LOE_EquipNames,0)),INDEX(LOE_Pressures,MATCH(C50,LOE_EquipTags,0)))) -> 2500 | M50: =IFERROR(INDEX(Temperatures,MATCH(INDEX(LOL_LineTags,MATCH(C50,LOL_LineNumbers,0)),LineTags,0)),IFERROR(INDEX(LOE_Temperatures,MATCH(C50,LOE_EquipNames,0)),INDEX(LOE_Temperatures,MATCH(C50,LOE_EquipTags,0)))) -> 37.44739 | P50: =IFERROR(INDEX(FlowRates_kghr,MATCH(INDEX(LOL_LineTags,MATCH(C50,LOL_LineNumbers,0)),LineTags,0)),"") | S50: =IFERROR(INDEX(TDS_Values,MATCH(INDEX(LOL_LineTags,MATCH(C50,LOL_LineNumbers,0)),LineTags,0)),"") -> 0
A51: =A50+1 -> 48 | B51: SP40-01-03-001 | C51: ='LIST OF LINES'!$B$32 -> XX-XX-SS-BW-11 | D51: PG-202 | E51: IV-216 | F51: Brine Re-Circulation pump 2 - Discharge pressure | G51: Pressure Gauge | H51: Brine | J51: =IFERROR(INDEX(Pressures_mbar,MATCH(INDEX(LOL_LineTags,MATCH(C51,LOL_LineNumbers,0)),LineTags,0)),IFERROR(INDEX(LOE_Pressures,MATCH(C51,LOE_EquipNames,0)),INDEX(LOE_Pressures,MATCH(C51,LOE_EquipTags,0)))) -> 2500 | M51: =IFERROR(INDEX(Temperatures,MATCH(INDEX(LOL_LineTags,MATCH(C51,LOL_LineNumbers,0)),LineTags,0)),IFERROR(INDEX(LOE_Temperatures,MATCH(C51,LOE_EquipNames,0)),INDEX(LOE_Temperatures,MATCH(C51,LOE_EquipTags,0)))) -> 37.44739 | P51: =IFERROR(INDEX(FlowRates_kghr,MATCH(INDEX(LOL_LineTags,MATCH(C51,LOL_LineNumbers,0)),LineTags,0)),"") | S51: =IFERROR(INDEX(TDS_Values,MATCH(INDEX(LOL_LineTags,MATCH(C51,LOL_LineNumbers,0)),LineTags,0)),"") -> 0
A52: =A51+1 -> 49 | B52: SP40-01-03-001 | C52: ='LIST OF LINES'!$B$32 -> XX-XX-SS-BW-11 | D52: PSL-201 | E52: IV-217 | F52: Brine Plate Heat Exchanger - Inlet | G52: Pressure Switch | H52: Brine | J52: =IFERROR(INDEX(Pressures_mbar,MATCH(INDEX(LOL_LineTags,MATCH(C52,LOL_LineNumbers,0)),LineTags,0)),IFERROR(INDEX(LOE_Pressures,MATCH(C52,LOE_EquipNames,0)),INDEX(LOE_Pressures,MATCH(C52,LOE_EquipTags,0)))) -> 2500 | M52: =IFERROR(INDEX(Temperatures,MATCH(INDEX(LOL_LineTags,MATCH(C52,LOL_LineNumbers,0)),LineTags,0)),IFERROR(INDEX(LOE_Temperatures,MATCH(C52,LOE_EquipNames,0)),INDEX(LOE_Temperatures,MATCH(C52,LOE_EquipTags,0)))) -> 37.44739 | P52: =IFERROR(INDEX(FlowRates_kghr,MATCH(INDEX(LOL_LineTags,MATCH(C52,LOL_LineNumbers,0)),LineTags,0)),"") | S52: =IFERROR(INDEX(TDS_Values,MATCH(INDEX(LOL_LineTags,MATCH(C52,LOL_LineNumbers,0)),LineTags,0)),"") -> 0
A53: =A52+1 -> 50 | B53: SP40-01-03-001 | C53: ='LIST OF LINES'!$B$32 -> XX-XX-SS-BW-11 | D53: PIT-211 | E53: IV-218 | F53: Brine Plate Heat Exchanger - Inlet | G53: Pressure Indicating Transmitter | H53: Brine | J53: =IFERROR(INDEX(Pressures_mbar,MATCH(INDEX(LOL_LineTags,MATCH(C53,LOL_LineNumbers,0)),LineTags,0)),IFERROR(INDEX(LOE_Pressures,MATCH(C53,LOE_EquipNames,0)),INDEX(LOE_Pressures,MATCH(C53,LOE_EquipTags,0)))) -> 2500 | M53: =IFERROR(INDEX(Temperatures,MATCH(INDEX(LOL_LineTags,MATCH(C53,LOL_LineNumbers,0)),LineTags,0)),IFERROR(INDEX(LOE_Temperatures,MATCH(C53,LOE_EquipNames,0)),INDEX(LOE_Temperatures,MATCH(C53,LOE_EquipTags,0)))) -> 37.44739 | P53: =IFERROR(INDEX(FlowRates_kghr,MATCH(INDEX(LOL_LineTags,MATCH(C53,LOL_LineNumbers,0)),LineTags,0)),"") | S53: =IFERROR(INDEX(TDS_Values,MATCH(INDEX(LOL_LineTags,MATCH(C53,LOL_LineNumbers,0)),LineTags,0)),"") -> 0
A54: =A53+1 -> 51 | B54: SP40-01-03-001 | C54: ='LIST OF LINES'!$B$32 -> XX-XX-SS-BW-11 | D54: TE-211 | F54: Brine Plate Heat Exchanger - Inlet | G54: Temperature Element with TW | H54: Brine | J54: =IFERROR(INDEX(Pressures_mbar,MATCH(INDEX(LOL_LineTags,MATCH(C54,LOL_LineNumbers,0)),LineTags,0)),IFERROR(INDEX(LOE_Pressures,MATCH(C54,LOE_EquipNames,0)),INDEX(LOE_Pressures,MATCH(C54,LOE_EquipTags,0)))) -> 2500 | M54: =IFERROR(INDEX(Temperatures,MATCH(INDEX(LOL_LineTags,MATCH(C54,LOL_LineNumbers,0)),LineTags,0)),IFERROR(INDEX(LOE_Temperatures,MATCH(C54,LOE_EquipNames,0)),INDEX(LOE_Temperatures,MATCH(C54,LOE_EquipTags,0)))) -> 37.44739 | P54: =IFERROR(INDEX(FlowRates_kghr,MATCH(INDEX(LOL_LineTags,MATCH(C54,LOL_LineNumbers,0)),LineTags,0)),"") | S54: =IFERROR(INDEX(TDS_Values,MATCH(INDEX(LOL_LineTags,MATCH(C54,LOL_LineNumbers,0)),LineTags,0)),"") -> 0
A55: =A54+1 -> 52 | B55: SP40-01-03-001 | C55: ='LIST OF LINES'!$B$32 -> XX-XX-SS-BW-11 | D55: TIT-211 | F55: Brine Plate Heat Exchanger - Inlet | G55: Temperature Indicating Transmitter | H55: Brine | J55: =IFERROR(INDEX(Pressures_mbar,MATCH(INDEX(LOL_LineTags,MATCH(C55,LOL_LineNumbers,0)),LineTags,0)),IFERROR(INDEX(LOE_Pressures,MATCH(C55,LOE_EquipNames,0)),INDEX(LOE_Pressures,MATCH(C55,LOE_EquipTags,0)))) -> 2500 | M55: =IFERROR(INDEX(Temperatures,MATCH(INDEX(LOL_LineTags,MATCH(C55,LOL_LineNumbers,0)),LineTags,0)),IFERROR(INDEX(LOE_Temperatures,MATCH(C55,LOE_EquipNames,0)),INDEX(LOE_Temperatures,MATCH(C55,LOE_EquipTags,0)))) -> 37.44739 | P55: =IFERROR(INDEX(FlowRates_kghr,MATCH(INDEX(LOL_LineTags,MATCH(C55,LOL_LineNumbers,0)),LineTags,0)),"") | S55: =IFERROR(INDEX(TDS_Values,MATCH(INDEX(LOL_LineTags,MATCH(C55,LOL_LineNumbers,0)),LineTags,0)),"") -> 0
A56: =A55+1 -> 53 | B56: SP40-01-03-001 | C56: ='LIST OF LINES'!$B$33 -> 200-40-SS-BW-12 | D56: PIT-202 | E56: IV-219 | F56: Brine Plate Heat Exchanger - Outlet | G56: Pressure Indicating Transmitter | H56: Brine | J56: =IFERROR(INDEX(Pressures_mbar,MATCH(INDEX(LOL_LineTags,MATCH(C56,LOL_LineNumbers,0)),LineTags,0)),IFERROR(INDEX(LOE_Pressures,MATCH(C56,LOE_EquipNames,0)),INDEX(LOE_Pressures,MATCH(C56,LOE_EquipTags,0)))) -> 2500 | M56: =IFERROR(INDEX(Temperatures,MATCH(INDEX(LOL_LineTags,MATCH(C56,LOL_LineNumbers,0)),LineTags,0)),IFERROR(INDEX(LOE_Temperatures,MATCH(C56,LOE_EquipNames,0)),INDEX(LOE_Temperatures,MATCH(C56,LOE_EquipTags,0)))) -> 37.44739 | P56: =IFERROR(INDEX(FlowRates_kghr,MATCH(INDEX(LOL_LineTags,MATCH(C56,LOL_LineNumbers,0)),LineTags,0)),"") | S56: =IFERROR(INDEX(TDS_Values,MATCH(INDEX(LOL_LineTags,MATCH(C56,LOL_LineNumbers,0)),LineTags,0)),"") -> 0
A57: =A56+1 -> 54 | B57: SP40-01-03-001 | C57: ='LIST OF LINES'!$B$33 -> 200-40-SS-BW-12 | D57: CIT-201 | E57: IV-220 | F57: Brine Plate Heat Exchanger - Outlet | G57: Conductivity Transmitter | H57: Brine | J57: =IFERROR(INDEX(Pressures_mbar,MATCH(INDEX(LOL_LineTags,MATCH(C57,LOL_LineNumbers,0)),LineTags,0)),IFERROR(INDEX(LOE_Pressures,MATCH(C57,LOE_EquipNames,0)),INDEX(LOE_Pressures,MATCH(C57,LOE_EquipTags,0)))) -> 2500 | M57: =IFERROR(INDEX(Temperatures,MATCH(INDEX(LOL_LineTags,MATCH(C57,LOL_LineNumbers,0)),LineTags,0)),IFERROR(INDEX(LOE_Temperatures,MATCH(C57,LOE_EquipNames,0)),INDEX(LOE_Temperatures,MATCH(C57,LOE_EquipTags,0)))) -> 37.44739 | P57: =IFERROR(INDEX(FlowRates_kghr,MATCH(INDEX(LOL_LineTags,MATCH(C57,LOL_LineNumbers,0)),LineTags,0)),"") | S57: =IFERROR(INDEX(TDS_Values,MATCH(INDEX(LOL_LineTags,MATCH(C57,LOL_LineNumbers,0)),LineTags,0)),"") -> 0
A58: =A57+1 -> 55 | B58: SP40-01-03-001 | C58: ='LIST OF LINES'!$B$33 -> 200-40-SS-BW-12 | D58: TE-212 | F58: Brine Plate Heat Exchanger - Outlet | G58: Temperature Element with TW | H58: Brine | J58: =IFERROR(INDEX(Pressures_mbar,MATCH(INDEX(LOL_LineTags,MATCH(C58,LOL_LineNumbers,0)),LineTags,0)),IFERROR(INDEX(LOE_Pressures,MATCH(C58,LOE_EquipNames,0)),INDEX(LOE_Pressures,MATCH(C58,LOE_EquipTags,0)))) -> 2500 | M58: =IFERROR(INDEX(Temperatures,MATCH(INDEX(LOL_LineTags,MATCH(C58,LOL_LineNumbers,0)),LineTags,0)),IFERROR(INDEX(LOE_Temperatures,MATCH(C58,LOE_EquipNames,0)),INDEX(LOE_Temperatures,MATCH(C58,LOE_EquipTags,0)))) -> 37.44739 | P58: =IFERROR(INDEX(FlowRates_kghr,MATCH(INDEX(LOL_LineTags,MATCH(C58,LOL_LineNumbers,0)),LineTags,0)),"") | S58: =IFERROR(INDEX(TDS_Values,MATCH(INDEX(LOL_LineTags,MATCH(C58,LOL_LineNumbers,0)),LineTags,0)),"") -> 0
A59: =A58+1 -> 56 | B59: SP40-01-03-001 | C59: ='LIST OF LINES'!$B$33 -> 200-40-SS-BW-12 | D59: TIT-212 | F59: Brine Plate Heat Exchanger - Outlet | G59: Temperature Indicating Transmitter | H59: Brine | J59: =IFERROR(INDEX(Pressures_mbar,MATCH(INDEX(LOL_LineTags,MATCH(C59,LOL_LineNumbers,0)),LineTags,0)),IFERROR(INDEX(LOE_Pressures,MATCH(C59,LOE_EquipNames,0)),INDEX(LOE_Pressures,MATCH(C59,LOE_EquipTags,0)))) -> 2500 | M59: =IFERROR(INDEX(Temperatures,MATCH(INDEX(LOL_LineTags,MATCH(C59,LOL_LineNumbers,0)),LineTags,0)),IFERROR(INDEX(LOE_Temperatures,MATCH(C59,LOE_EquipNames,0)),INDEX(LOE_Temperatures,MATCH(C59,LOE_EquipTags,0)))) -> 37.44739 | P59: =IFERROR(INDEX(FlowRates_kghr,MATCH(INDEX(LOL_LineTags,MATCH(C59,LOL_LineNumbers,0)),LineTags,0)),"") | S59: =IFERROR(INDEX(TDS_Values,MATCH(INDEX(LOL_LineTags,MATCH(C59,LOL_LineNumbers,0)),LineTags,0)),"") -> 0
A60: =A59+1 -> 57 | B60: SP40-01-03-001 | C60: ='LIST OF LINES'!$B$33 -> 200-40-SS-BW-12 | D60: ZT-210 | F60: Brine Plate Heat Exchanger - Outlet | G60: Position Transmitter | H60: Brine | J60: =IFERROR(INDEX(Pressures_mbar,MATCH(INDEX(LOL_LineTags,MATCH(C60,LOL_LineNumbers,0)),LineTags,0)),IFERROR(INDEX(LOE_Pressures,MATCH(C60,LOE_EquipNames,0)),INDEX(LOE_Pressures,MATCH(C60,LOE_EquipTags,0)))) -> 2500 | M60: =IFERROR(INDEX(Temperatures,MATCH(INDEX(LOL_LineTags,MATCH(C60,LOL_LineNumbers,0)),LineTags,0)),IFERROR(INDEX(LOE_Temperatures,MATCH(C60,LOE_EquipNames,0)),INDEX(LOE_Temperatures,MATCH(C60,LOE_EquipTags,0)))) -> 37.44739 | P60: =IFERROR(INDEX(FlowRates_kghr,MATCH(INDEX(LOL_LineTags,MATCH(C60,LOL_LineNumbers,0)),LineTags,0)),"") | S60: =IFERROR(INDEX(TDS_Values,MATCH(INDEX(LOL_LineTags,MATCH(C60,LOL_LineNumbers,0)),LineTags,0)),"") -> 0
A61: =A60+1 -> 58 | B61: SP40-01-03-002 | C61: ='LIST OF LINES'!B34 -> 150-40-SS-BW-13 | D61: PIT-210 | E61: IV-210 | F61: Brine make-up line header | G61: Pressure Indicating Transmitter | H61: Brine | J61: =IFERROR(INDEX(Pressures_mbar,MATCH(INDEX(LOL_LineTags,MATCH(C61,LOL_LineNumbers,0)),LineTags,0)),IFERROR(INDEX(LOE_Pressures,MATCH(C61,LOE_EquipNames,0)),INDEX(LOE_Pressures,MATCH(C61,LOE_EquipTags,0)))) -> 2500 | M61: =IFERROR(INDEX(Temperatures,MATCH(INDEX(LOL_LineTags,MATCH(C61,LOL_LineNumbers,0)),LineTags,0)),IFERROR(INDEX(LOE_Temperatures,MATCH(C61,LOE_EquipNames,0)),INDEX(LOE_Temperatures,MATCH(C61,LOE_EquipTags,0)))) -> 37.44739 | P61: =IFERROR(INDEX(FlowRates_kghr,MATCH(INDEX(LOL_LineTags,MATCH(C61,LOL_LineNumbers,0)),LineTags,0)),"") -> 68130 | S61: =IFERROR(INDEX(TDS_Values,MATCH(INDEX(LOL_LineTags,MATCH(C61,LOL_LineNumbers,0)),LineTags,0)),"") -> 60600
A62: =A61+1 -> 59 | B62: SP40-01-03-002 | C62: ='LIST OF LINES'!$B$36 -> 80-40-SS-BW-15 | D62: ZT-201 | F62: MED - 1st effect | G62: Position Transmitter | H62: Brine | J62: =IFERROR(INDEX(Pressures_mbar,MATCH(INDEX(LOL_LineTags,MATCH(C62,LOL_LineNumbers,0)),LineTags,0)),IFERROR(INDEX(LOE_Pressures,MATCH(C62,LOE_EquipNames,0)),INDEX(LOE_Pressures,MATCH(C62,LOE_EquipTags,0)))) -> 2500 | M62: =IFERROR(INDEX(Temperatures,MATCH(INDEX(LOL_LineTags,MATCH(C62,LOL_LineNumbers,0)),LineTags,0)),IFERROR(INDEX(LOE_Temperatures,MATCH(C62,LOE_EquipNames,0)),INDEX(LOE_Temperatures,MATCH(C62,LOE_EquipTags,0)))) -> 37.44739 | P62: =IFERROR(INDEX(FlowRates_kghr,MATCH(INDEX(LOL_LineTags,MATCH(C62,LOL_LineNumbers,0)),LineTags,0)),"") -> 6624 | S62: =IFERROR(INDEX(TDS_Values,MATCH(INDEX(LOL_LineTags,MATCH(C62,LOL_LineNumbers,0)),LineTags,0)),"") -> 60600
A63: =A62+1 -> 60 | B63: SP40-01-03-002 | C63: ='LIST OF LINES'!$B$36 -> 80-40-SS-BW-15 | D63: FIT-201 | F63: MED - 1st effect | G63: Electro Magnetic Flow meter | H63: Brine | J63: =IFERROR(INDEX(Pressures_mbar,MATCH(INDEX(LOL_LineTags,MATCH(C63,LOL_LineNumbers,0)),LineTags,0)),IFERROR(INDEX(LOE_Pressures,MATCH(C63,LOE_EquipNames,0)),INDEX(LOE_Pressures,MATCH(C63,LOE_EquipTags,0)))) -> 2500 | M63: =IFERROR(INDEX(Temperatures,MATCH(INDEX(LOL_LineTags,MATCH(C63,LOL_LineNumbers,0)),LineTags,0)),IFERROR(INDEX(LOE_Temperatures,MATCH(C63,LOE_EquipNames,0)),INDEX(LOE_Temperatures,MATCH(C63,LOE_EquipTags,0)))) -> 37.44739 | P63: =IFERROR(INDEX(FlowRates_kghr,MATCH(INDEX(LOL_LineTags,MATCH(C63,LOL_LineNumbers,0)),LineTags,0)),"") -> 6624 | S63: =IFERROR(INDEX(TDS_Values,MATCH(INDEX(LOL_LineTags,MATCH(C63,LOL_LineNumbers,0)),LineTags,0)),"") -> 60600
A64: =A63+1 -> 61 | B64: SP40-01-03-002 | C64: ='LIST OF LINES'!$B$36 -> 80-40-SS-BW-15 | D64: PIT-201 | E64: IV-201 | F64: MED - 1st effect | G64: Pressure Indicating Transmitter | H64: Brine | J64: =IFERROR(INDEX(Pressures_mbar,MATCH(INDEX(LOL_LineTags,MATCH(C64,LOL_LineNumbers,0)),LineTags,0)),IFERROR(INDEX(LOE_Pressures,MATCH(C64,LOE_EquipNames,0)),INDEX(LOE_Pressures,MATCH(C64,LOE_EquipTags,0)))) -> 2500 | M64: =IFERROR(INDEX(Temperatures,MATCH(INDEX(LOL_LineTags,MATCH(C64,LOL_LineNumbers,0)),LineTags,0)),IFERROR(INDEX(LOE_Temperatures,MATCH(C64,LOE_EquipNames,0)),INDEX(LOE_Temperatures,MATCH(C64,LOE_EquipTags,0)))) -> 37.44739 | P64: =IFERROR(INDEX(FlowRates_kghr,MATCH(INDEX(LOL_LineTags,MATCH(C64,LOL_LineNumbers,0)),LineTags,0)),"") -> 6624 | S64: =IFERROR(INDEX(TDS_Values,MATCH(INDEX(LOL_LineTags,MATCH(C64,LOL_LineNumbers,0)),LineTags,0)),"") -> 60600
A65: =A64+1 -> 62 | B65: SP40-01-03-002 | C65: ='LIST OF LINES'!$B$36 -> 80-40-SS-BW-15 | D65: TE-201 | F65: MED - 1st effect | G65: Temperature Element with TW | H65: Brine | J65: =IFERROR(INDEX(Pressures_mbar,MATCH(INDEX(LOL_LineTags,MATCH(C65,LOL_LineNumbers,0)),LineTags,0)),IFERROR(INDEX(LOE_Pressures,MATCH(C65,LOE_EquipNames,0)),INDEX(LOE_Pressures,MATCH(C65,LOE_EquipTags,0)))) -> 2500 | M65: =IFERROR(INDEX(Temperatures,MATCH(INDEX(LOL_LineTags,MATCH(C65,LOL_LineNumbers,0)),LineTags,0)),IFERROR(INDEX(LOE_Temperatures,MATCH(C65,LOE_EquipNames,0)),INDEX(LOE_Temperatures,MATCH(C65,LOE_EquipTags,0)))) -> 37.44739 | P65: =IFERROR(INDEX(FlowRates_kghr,MATCH(INDEX(LOL_LineTags,MATCH(C65,LOL_LineNumbers,0)),LineTags,0)),"") -> 6624 | S65: =IFERROR(INDEX(TDS_Values,MATCH(INDEX(LOL_LineTags,MATCH(C65,LOL_LineNumbers,0)),LineTags,0)),"") -> 60600
A66: =A65+1 -> 63 | B66: SP40-01-03-002 | C66: ='LIST OF LINES'!$B$36 -> 80-40-SS-BW-15 | D66: TIT-201 | F66: MED - 1st effect | G66: Temperature Indicating Transmitter | H66: Brine | J66: =IFERROR(INDEX(Pressures_mbar,MATCH(INDEX(LOL_LineTags,MATCH(C66,LOL_LineNumbers,0)),LineTags,0)),IFERROR(INDEX(LOE_Pressures,MATCH(C66,LOE_EquipNames,0)),INDEX(LOE_Pressures,MATCH(C66,LOE_EquipTags,0)))) -> 2500 | M66: =IFERROR(INDEX(Temperatures,MATCH(INDEX(LOL_LineTags,MATCH(C66,LOL_LineNumbers,0)),LineTags,0)),IFERROR(INDEX(LOE_Temperatures,MATCH(C66,LOE_EquipNames,0)),INDEX(LOE_Temperatures,MATCH(C66,LOE_EquipTags,0)))) -> 37.44739 | P66: =IFERROR(INDEX(FlowRates_kghr,MATCH(INDEX(LOL_LineTags,MATCH(C66,LOL_LineNumbers,0)),LineTags,0)),"") -> 6624 | S66: =IFERROR(INDEX(TDS_Values,MATCH(INDEX(LOL_LineTags,MATCH(C66,LOL_LineNumbers,0)),LineTags,0)),"") -> 60600
A67: =A66+1 -> 64 | B67: SP40-01-03-002 | C67: ='LIST OF LINES'!$B$37 -> 80-40-SS-BW-16 | D67: ZT-202 | F67: MED - 2nd effect | G67: Position Transmitter | H67: Brine | J67: =IFERROR(INDEX(Pressures_mbar,MATCH(INDEX(LOL_LineTags,MATCH(C67,LOL_LineNumbers,0)),LineTags,0)),IFERROR(INDEX(LOE_Pressures,MATCH(C67,LOE_EquipNames,0)),INDEX(LOE_Pressures,MATCH(C67,LOE_EquipTags,0)))) -> 2500 | M67: =IFERROR(INDEX(Temperatures,MATCH(INDEX(LOL_LineTags,MATCH(C67,LOL_LineNumbers,0)),LineTags,0)),IFERROR(INDEX(LOE_Temperatures,MATCH(C67,LOE_EquipNames,0)),INDEX(LOE_Temperatures,MATCH(C67,LOE_EquipTags,0)))) -> 37.44739 | P67: =IFERROR(INDEX(FlowRates_kghr,MATCH(INDEX(LOL_LineTags,MATCH(C67,LOL_LineNumbers,0)),LineTags,0)),"") -> 6624 | S67: =IFERROR(INDEX(TDS_Values,MATCH(INDEX(LOL_LineTags,MATCH(C67,LOL_LineNumbers,0)),LineTags,0)),"") -> 60600
A68: =A67+1 -> 65 | B68: SP40-01-03-002 | C68: ='LIST OF LINES'!$B$37 -> 80-40-SS-BW-16 | D68: FIT-202 | F68: MED - 2nd effect | G68: Electro Magnetic Flow meter | H68: Brine | J68: =IFERROR(INDEX(Pressures_mbar,MATCH(INDEX(LOL_LineTags,MATCH(C68,LOL_LineNumbers,0)),LineTags,0)),IFERROR(INDEX(LOE_Pressures,MATCH(C68,LOE_EquipNames,0)),INDEX(LOE_Pressures,MATCH(C68,LOE_EquipTags,0)))) -> 2500 | M68: =IFERROR(INDEX(Temperatures,MATCH(INDEX(LOL_LineTags,MATCH(C68,LOL_LineNumbers,0)),LineTags,0)),IFERROR(INDEX(LOE_Temperatures,MATCH(C68,LOE_EquipNames,0)),INDEX(LOE_Temperatures,MATCH(C68,LOE_EquipTags,0)))) -> 37.44739 | P68: =IFERROR(INDEX(FlowRates_kghr,MATCH(INDEX(LOL_LineTags,MATCH(C68,LOL_LineNumbers,0)),LineTags,0)),"") -> 6624 | S68: =IFERROR(INDEX(TDS_Values,MATCH(INDEX(LOL_LineTags,MATCH(C68,LOL_LineNumbers,0)),LineTags,0)),"") -> 60600
A69: =A68+1 -> 66 | B69: SP40-01-03-002 | C69: ='LIST OF LINES'!$B$37 -> 80-40-SS-BW-16 | D69: PIT-202 | E69: IV-202 | F69: MED - 2nd effect | G69: Pressure Indicating Transmitter | H69: Brine | J69: =IFERROR(INDEX(Pressures_mbar,MATCH(INDEX(LOL_LineTags,MATCH(C69,LOL_LineNumbers,0)),LineTags,0)),IFERROR(INDEX(LOE_Pressures,MATCH(C69,LOE_EquipNames,0)),INDEX(LOE_Pressures,MATCH(C69,LOE_EquipTags,0)))) -> 2500 | M69: =IFERROR(INDEX(Temperatures,MATCH(INDEX(LOL_LineTags,MATCH(C69,LOL_LineNumbers,0)),LineTags,0)),IFERROR(INDEX(LOE_Temperatures,MATCH(C69,LOE_EquipNames,0)),INDEX(LOE_Temperatures,MATCH(C69,LOE_EquipTags,0)))) -> 37.44739 | P69: =IFERROR(INDEX(FlowRates_kghr,MATCH(INDEX(LOL_LineTags,MATCH(C69,LOL_LineNumbers,0)),LineTags,0)),"") -> 6624 | S69: =IFERROR(INDEX(TDS_Values,MATCH(INDEX(LOL_LineTags,MATCH(C69,LOL_LineNumbers,0)),LineTags,0)),"") -> 60600
A70: =A69+1 -> 67 | B70: SP40-01-03-002 | C70: ='LIST OF LINES'!$B$37 -> 80-40-SS-BW-16 | D70: TE-202 | F70: MED - 2nd effect | G70: Temperature Element with TW | H70: Brine | J70: =IFERROR(INDEX(Pressures_mbar,MATCH(INDEX(LOL_LineTags,MATCH(C70,LOL_LineNumbers,0)),LineTags,0)),IFERROR(INDEX(LOE_Pressures,MATCH(C70,LOE_EquipNames,0)),INDEX(LOE_Pressures,MATCH(C70,LOE_EquipTags,0)))) -> 2500 | M70: =IFERROR(INDEX(Temperatures,MATCH(INDEX(LOL_LineTags,MATCH(C70,LOL_LineNumbers,0)),LineTags,0)),IFERROR(INDEX(LOE_Temperatures,MATCH(C70,LOE_EquipNames,0)),INDEX(LOE_Temperatures,MATCH(C70,LOE_EquipTags,0)))) -> 37.44739 | P70: =IFERROR(INDEX(FlowRates_kghr,MATCH(INDEX(LOL_LineTags,MATCH(C70,LOL_LineNumbers,0)),LineTags,0)),"") -> 6624 | S70: =IFERROR(INDEX(TDS_Values,MATCH(INDEX(LOL_LineTags,MATCH(C70,LOL_LineNumbers,0)),LineTags,0)),"") -> 60600
A71: =A70+1 -> 68 | B71: SP40-01-03-002 | C71: ='LIST OF LINES'!$B$37 -> 80-40-SS-BW-16 | D71: TIT-202 | F71: MED - 2nd effect | G71: Temperature Indicating Transmitter | H71: Brine | J71: =IFERROR(INDEX(Pressures_mbar,MATCH(INDEX(LOL_LineTags,MATCH(C71,LOL_LineNumbers,0)),LineTags,0)),IFERROR(INDEX(LOE_Pressures,MATCH(C71,LOE_EquipNames,0)),INDEX(LOE_Pressures,MATCH(C71,LOE_EquipTags,0)))) -> 2500 | M71: =IFERROR(INDEX(Temperatures,MATCH(INDEX(LOL_LineTags,MATCH(C71,LOL_LineNumbers,0)),LineTags,0)),IFERROR(INDEX(LOE_Temperatures,MATCH(C71,LOE_EquipNames,0)),INDEX(LOE_Temperatures,MATCH(C71,LOE_EquipTags,0)))) -> 37.44739 | P71: =IFERROR(INDEX(FlowRates_kghr,MATCH(INDEX(LOL_LineTags,MATCH(C71,LOL_LineNumbers,0)),LineTags,0)),"") -> 6624 | S71: =IFERROR(INDEX(TDS_Values,MATCH(INDEX(LOL_LineTags,MATCH(C71,LOL_LineNumbers,0)),LineTags,0)),"") -> 60600
A72: =A71+1 -> 69 | B72: SP40-01-03-002 | C72: ='LIST OF LINES'!$B$38 -> 80-40-SS-BW-17 | D72: ZT-203 | F72: MED - 3rd effect | G72: Position Transmitter | H72: Brine | J72: =IFERROR(INDEX(Pressures_mbar,MATCH(INDEX(LOL_LineTags,MATCH(C72,LOL_LineNumbers,0)),LineTags,0)),IFERROR(INDEX(LOE_Pressures,MATCH(C72,LOE_EquipNames,0)),INDEX(LOE_Pressures,MATCH(C72,LOE_EquipTags,0)))) -> 2500 | M72: =IFERROR(INDEX(Temperatures,MATCH(INDEX(LOL_LineTags,MATCH(C72,LOL_LineNumbers,0)),LineTags,0)),IFERROR(INDEX(LOE_Temperatures,MATCH(C72,LOE_EquipNames,0)),INDEX(LOE_Temperatures,MATCH(C72,LOE_EquipTags,0)))) -> 37.44739 | P72: =IFERROR(INDEX(FlowRates_kghr,MATCH(INDEX(LOL_LineTags,MATCH(C72,LOL_LineNumbers,0)),LineTags,0)),"") -> 6588 | S72: =IFERROR(INDEX(TDS_Values,MATCH(INDEX(LOL_LineTags,MATCH(C72,LOL_LineNumbers,0)),LineTags,0)),"") -> 60600
A73: =A72+1 -> 70 | B73: SP40-01-03-002 | C73: ='LIST OF LINES'!$B$38 -> 80-40-SS-BW-17 | D73: FIT-203 | F73: MED - 3rd effect | G73: Electro Magnetic Flow meter | H73: Brine | J73: =IFERROR(INDEX(Pressures_mbar,MATCH(INDEX(LOL_LineTags,MATCH(C73,LOL_LineNumbers,0)),LineTags,0)),IFERROR(INDEX(LOE_Pressures,MATCH(C73,LOE_EquipNames,0)),INDEX(LOE_Pressures,MATCH(C73,LOE_EquipTags,0)))) -> 2500 | M73: =IFERROR(INDEX(Temperatures,MATCH(INDEX(LOL_LineTags,MATCH(C73,LOL_LineNumbers,0)),LineTags,0)),IFERROR(INDEX(LOE_Temperatures,MATCH(C73,LOE_EquipNames,0)),INDEX(LOE_Temperatures,MATCH(C73,LOE_EquipTags,0)))) -> 37.44739 | P73: =IFERROR(INDEX(FlowRates_kghr,MATCH(INDEX(LOL_LineTags,MATCH(C73,LOL_LineNumbers,0)),LineTags,0)),"") -> 6588 | S73: =IFERROR(INDEX(TDS_Values,MATCH(INDEX(LOL_LineTags,MATCH(C73,LOL_LineNumbers,0)),LineTags,0)),"") -> 60600
A74: =A73+1 -> 71 | B74: SP40-01-03-002 | C74: ='LIST OF LINES'!$B$38 -> 80-40-SS-BW-17 | D74: PIT-203 | E74: IV-203 | F74: MED - 3rd effect | G74: Pressure Indicating Transmitter | H74: Brine | J74: =IFERROR(INDEX(Pressures_mbar,MATCH(INDEX(LOL_LineTags,MATCH(C74,LOL_LineNumbers,0)),LineTags,0)),IFERROR(INDEX(LOE_Pressures,MATCH(C74,LOE_EquipNames,0)),INDEX(LOE_Pressures,MATCH(C74,LOE_EquipTags,0)))) -> 2500 | M74: =IFERROR(INDEX(Temperatures,MATCH(INDEX(LOL_LineTags,MATCH(C74,LOL_LineNumbers,0)),LineTags,0)),IFERROR(INDEX(LOE_Temperatures,MATCH(C74,LOE_EquipNames,0)),INDEX(LOE_Temperatures,MATCH(C74,LOE_EquipTags,0)))) -> 37.44739 | P74: =IFERROR(INDEX(FlowRates_kghr,MATCH(INDEX(LOL_LineTags,MATCH(C74,LOL_LineNumbers,0)),LineTags,0)),"") -> 6588 | S74: =IFERROR(INDEX(TDS_Values,MATCH(INDEX(LOL_LineTags,MATCH(C74,LOL_LineNumbers,0)),LineTags,0)),"") -> 60600
A75: =A74+1 -> 72 | B75: SP40-01-03-002 | C75: ='LIST OF LINES'!$B$38 -> 80-40-SS-BW-17 | D75: TE-203 | F75: MED - 3rd effect | G75: Temperature Element with TW | H75: Brine | J75: =IFERROR(INDEX(Pressures_mbar,MATCH(INDEX(LOL_LineTags,MATCH(C75,LOL_LineNumbers,0)),LineTags,0)),IFERROR(INDEX(LOE_Pressures,MATCH(C75,LOE_EquipNames,0)),INDEX(LOE_Pressures,MATCH(C75,LOE_EquipTags,0)))) -> 2500 | M75: =IFERROR(INDEX(Temperatures,MATCH(INDEX(LOL_LineTags,MATCH(C75,LOL_LineNumbers,0)),LineTags,0)),IFERROR(INDEX(LOE_Temperatures,MATCH(C75,LOE_EquipNames,0)),INDEX(LOE_Temperatures,MATCH(C75,LOE_EquipTags,0)))) -> 37.44739 | P75: =IFERROR(INDEX(FlowRates_kghr,MATCH(INDEX(LOL_LineTags,MATCH(C75,LOL_LineNumbers,0)),LineTags,0)),"") -> 6588 | S75: =IFERROR(INDEX(TDS_Values,MATCH(INDEX(LOL_LineTags,MATCH(C75,LOL_LineNumbers,0)),LineTags,0)),"") -> 60600
A76: =A75+1 -> 73 | B76: SP40-01-03-002 | C76: ='LIST OF LINES'!$B$38 -> 80-40-SS-BW-17 | D76: TIT-203 | F76: MED - 3rd effect | G76: Temperature Indicating Transmitter | H76: Brine | J76: =IFERROR(INDEX(Pressures_mbar,MATCH(INDEX(LOL_LineTags,MATCH(C76,LOL_LineNumbers,0)),LineTags,0)),IFERROR(INDEX(LOE_Pressures,MATCH(C76,LOE_EquipNames,0)),INDEX(LOE_Pressures,MATCH(C76,LOE_EquipTags,0)))) -> 2500 | M76: =IFERROR(INDEX(Temperatures,MATCH(INDEX(LOL_LineTags,MATCH(C76,LOL_LineNumbers,0)),LineTags,0)),IFERROR(INDEX(LOE_Temperatures,MATCH(C76,LOE_EquipNames,0)),INDEX(LOE_Temperatures,MATCH(C76,LOE_EquipTags,0)))) -> 37.44739 | P76: =IFERROR(INDEX(FlowRates_kghr,MATCH(INDEX(LOL_LineTags,MATCH(C76,LOL_LineNumbers,0)),LineTags,0)),"") -> 6588 | S76: =IFERROR(INDEX(TDS_Values,MATCH(INDEX(LOL_LineTags,MATCH(C76,LOL_LineNumbers,0)),LineTags,0)),"") -> 60600
A77: =A76+1 -> 74 | B77: SP40-01-03-002 | C77: ='LIST OF LINES'!$B$39 -> 80-40-SS-BW-18 | D77: ZT-204 | F77: MED - 4th effect | G77: Position Transmitter | H77: Brine | J77: =IFERROR(INDEX(Pressures_mbar,MATCH(INDEX(LOL_LineTags,MATCH(C77,LOL_LineNumbers,0)),LineTags,0)),IFERROR(INDEX(LOE_Pressures,MATCH(C77,LOE_EquipNames,0)),INDEX(LOE_Pressures,MATCH(C77,LOE_EquipTags,0)))) -> 2500 | M77: =IFERROR(INDEX(Temperatures,MATCH(INDEX(LOL_LineTags,MATCH(C77,LOL_LineNumbers,0)),LineTags,0)),IFERROR(INDEX(LOE_Temperatures,MATCH(C77,LOE_EquipNames,0)),INDEX(LOE_Temperatures,MATCH(C77,LOE_EquipTags,0)))) -> 37.44739 | P77: =IFERROR(INDEX(FlowRates_kghr,MATCH(INDEX(LOL_LineTags,MATCH(C77,LOL_LineNumbers,0)),LineTags,0)),"") -> 8316 | S77: =IFERROR(INDEX(TDS_Values,MATCH(INDEX(LOL_LineTags,MATCH(C77,LOL_LineNumbers,0)),LineTags,0)),"") -> 60600
A78: =A77+1 -> 75 | B78: SP40-01-03-002 | C78: ='LIST OF LINES'!$B$39 -> 80-40-SS-BW-18 | D78: FIT-204 | F78: MED - 4th effect | G78: Electro Magnetic Flow meter | H78: Brine | J78: =IFERROR(INDEX(Pressures_mbar,MATCH(INDEX(LOL_LineTags,MATCH(C78,LOL_LineNumbers,0)),LineTags,0)),IFERROR(INDEX(LOE_Pressures,MATCH(C78,LOE_EquipNames,0)),INDEX(LOE_Pressures,MATCH(C78,LOE_EquipTags,0)))) -> 2500 | M78: =IFERROR(INDEX(Temperatures,MATCH(INDEX(LOL_LineTags,MATCH(C78,LOL_LineNumbers,0)),LineTags,0)),IFERROR(INDEX(LOE_Temperatures,MATCH(C78,LOE_EquipNames,0)),INDEX(LOE_Temperatures,MATCH(C78,LOE_EquipTags,0)))) -> 37.44739 | P78: =IFERROR(INDEX(FlowRates_kghr,MATCH(INDEX(LOL_LineTags,MATCH(C78,LOL_LineNumbers,0)),LineTags,0)),"") -> 8316 | S78: =IFERROR(INDEX(TDS_Values,MATCH(INDEX(LOL_LineTags,MATCH(C78,LOL_LineNumbers,0)),LineTags,0)),"") -> 60600
A79: =A78+1 -> 76 | B79: SP40-01-03-002 | C79: ='LIST OF LINES'!$B$39 -> 80-40-SS-BW-18 | D79: PIT-204 | E79: IV-204 | F79: MED - 4th effect | G79: Pressure Indicating Transmitter | H79: Brine | J79: =IFERROR(INDEX(Pressures_mbar,MATCH(INDEX(LOL_LineTags,MATCH(C79,LOL_LineNumbers,0)),LineTags,0)),IFERROR(INDEX(LOE_Pressures,MATCH(C79,LOE_EquipNames,0)),INDEX(LOE_Pressures,MATCH(C79,LOE_EquipTags,0)))) -> 2500 | M79: =IFERROR(INDEX(Temperatures,MATCH(INDEX(LOL_LineTags,MATCH(C79,LOL_LineNumbers,0)),LineTags,0)),IFERROR(INDEX(LOE_Temperatures,MATCH(C79,LOE_EquipNames,0)),INDEX(LOE_Temperatures,MATCH(C79,LOE_EquipTags,0)))) -> 37.44739 | P79: =IFERROR(INDEX(FlowRates_kghr,MATCH(INDEX(LOL_LineTags,MATCH(C79,LOL_LineNumbers,0)),LineTags,0)),"") -> 8316 | S79: =IFERROR(INDEX(TDS_Values,MATCH(INDEX(LOL_LineTags,MATCH(C79,LOL_LineNumbers,0)),LineTags,0)),"") -> 60600
A80: =A79+1 -> 77 | B80: SP40-01-03-002 | C80: ='LIST OF LINES'!$B$39 -> 80-40-SS-BW-18 | D80: TE-204 | F80: MED - 4th effect | G80: Temperature Element with TW | H80: Brine | J80: =IFERROR(INDEX(Pressures_mbar,MATCH(INDEX(LOL_LineTags,MATCH(C80,LOL_LineNumbers,0)),LineTags,0)),IFERROR(INDEX(LOE_Pressures,MATCH(C80,LOE_EquipNames,0)),INDEX(LOE_Pressures,MATCH(C80,LOE_EquipTags,0)))) -> 2500 | M80: =IFERROR(INDEX(Temperatures,MATCH(INDEX(LOL_LineTags,MATCH(C80,LOL_LineNumbers,0)),LineTags,0)),IFERROR(INDEX(LOE_Temperatures,MATCH(C80,LOE_EquipNames,0)),INDEX(LOE_Temperatures,MATCH(C80,LOE_EquipTags,0)))) -> 37.44739 | P80: =IFERROR(INDEX(FlowRates_kghr,MATCH(INDEX(LOL_LineTags,MATCH(C80,LOL_LineNumbers,0)),LineTags,0)),"") -> 8316 | S80: =IFERROR(INDEX(TDS_Values,MATCH(INDEX(LOL_LineTags,MATCH(C80,LOL_LineNumbers,0)),LineTags,0)),"") -> 60600
A81: =A80+1 -> 78 | B81: SP40-01-03-002 | C81: ='LIST OF LINES'!$B$39 -> 80-40-SS-BW-18 | D81: TIT-204 | F81: MED - 4th effect | G81: Temperature Indicating Transmitter | H81: Brine | J81: =IFERROR(INDEX(Pressures_mbar,MATCH(INDEX(LOL_LineTags,MATCH(C81,LOL_LineNumbers,0)),LineTags,0)),IFERROR(INDEX(LOE_Pressures,MATCH(C81,LOE_EquipNames,0)),INDEX(LOE_Pressures,MATCH(C81,LOE_EquipTags,0)))) -> 2500 | M81: =IFERROR(INDEX(Temperatures,MATCH(INDEX(LOL_LineTags,MATCH(C81,LOL_LineNumbers,0)),LineTags,0)),IFERROR(INDEX(LOE_Temperatures,MATCH(C81,LOE_EquipNames,0)),INDEX(LOE_Temperatures,MATCH(C81,LOE_EquipTags,0)))) -> 37.44739 | P81: =IFERROR(INDEX(FlowRates_kghr,MATCH(INDEX(LOL_LineTags,MATCH(C81,LOL_LineNumbers,0)),LineTags,0)),"") -> 8316 | S81: =IFERROR(INDEX(TDS_Values,MATCH(INDEX(LOL_LineTags,MATCH(C81,LOL_LineNumbers,0)),LineTags,0)),"") -> 60600
A82: =A81+1 -> 79 | B82: SP40-01-03-002 | C82: ='LIST OF LINES'!$B$40 -> 80-40-SS-BW-19 | D82: ZT-205 | F82: MED - 5th effect | G82: Position Transmitter | H82: Brine | J82: =IFERROR(INDEX(Pressures_mbar,MATCH(INDEX(LOL_LineTags,MATCH(C82,LOL_LineNumbers,0)),LineTags,0)),IFERROR(INDEX(LOE_Pressures,MATCH(C82,LOE_EquipNames,0)),INDEX(LOE_Pressures,MATCH(C82,LOE_EquipTags,0)))) -> 2500 | M82: =IFERROR(INDEX(Temperatures,MATCH(INDEX(LOL_LineTags,MATCH(C82,LOL_LineNumbers,0)),LineTags,0)),IFERROR(INDEX(LOE_Temperatures,MATCH(C82,LOE_EquipNames,0)),INDEX(LOE_Temperatures,MATCH(C82,LOE_EquipTags,0)))) -> 37.44739 | P82: =IFERROR(INDEX(FlowRates_kghr,MATCH(INDEX(LOL_LineTags,MATCH(C82,LOL_LineNumbers,0)),LineTags,0)),"") -> 8316 | S82: =IFERROR(INDEX(TDS_Values,MATCH(INDEX(LOL_LineTags,MATCH(C82,LOL_LineNumbers,0)),LineTags,0)),"") -> 60600
A83: =A82+1 -> 80 | B83: SP40-01-03-002 | C83: ='LIST OF LINES'!$B$40 -> 80-40-SS-BW-19 | D83: FIT-205 | F83: MED - 5th effect | G83: Electro Magnetic Flow meter | H83: Brine | J83: =IFERROR(INDEX(Pressures_mbar,MATCH(INDEX(LOL_LineTags,MATCH(C83,LOL_LineNumbers,0)),LineTags,0)),IFERROR(INDEX(LOE_Pressures,MATCH(C83,LOE_EquipNames,0)),INDEX(LOE_Pressures,MATCH(C83,LOE_EquipTags,0)))) -> 2500 | M83: =IFERROR(INDEX(Temperatures,MATCH(INDEX(LOL_LineTags,MATCH(C83,LOL_LineNumbers,0)),LineTags,0)),IFERROR(INDEX(LOE_Temperatures,MATCH(C83,LOE_EquipNames,0)),INDEX(LOE_Temperatures,MATCH(C83,LOE_EquipTags,0)))) -> 37.44739 | P83: =IFERROR(INDEX(FlowRates_kghr,MATCH(INDEX(LOL_LineTags,MATCH(C83,LOL_LineNumbers,0)),LineTags,0)),"") -> 8316 | S83: =IFERROR(INDEX(TDS_Values,MATCH(INDEX(LOL_LineTags,MATCH(C83,LOL_LineNumbers,0)),LineTags,0)),"") -> 60600
A84: =A83+1 -> 81 | B84: SP40-01-03-002 | C84: ='LIST OF LINES'!$B$40 -> 80-40-SS-BW-19 | D84: PIT-205 | E84: IV-205 | F84: MED - 5th effect | G84: Pressure Indicating Transmitter | H84: Brine | J84: =IFERROR(INDEX(Pressures_mbar,MATCH(INDEX(LOL_LineTags,MATCH(C84,LOL_LineNumbers,0)),LineTags,0)),IFERROR(INDEX(LOE_Pressures,MATCH(C84,LOE_EquipNames,0)),INDEX(LOE_Pressures,MATCH(C84,LOE_EquipTags,0)))) -> 2500 | M84: =IFERROR(INDEX(Temperatures,MATCH(INDEX(LOL_LineTags,MATCH(C84,LOL_LineNumbers,0)),LineTags,0)),IFERROR(INDEX(LOE_Temperatures,MATCH(C84,LOE_EquipNames,0)),INDEX(LOE_Temperatures,MATCH(C84,LOE_EquipTags,0)))) -> 37.44739 | P84: =IFERROR(INDEX(FlowRates_kghr,MATCH(INDEX(LOL_LineTags,MATCH(C84,LOL_LineNumbers,0)),LineTags,0)),"") -> 8316 | S84: =IFERROR(INDEX(TDS_Values,MATCH(INDEX(LOL_LineTags,MATCH(C84,LOL_LineNumbers,0)),LineTags,0)),"") -> 60600
A85: =A84+1 -> 82 | B85: SP40-01-03-002 | C85: ='LIST OF LINES'!$B$40 -> 80-40-SS-BW-19 | D85: TE-205 | F85: MED - 5th effect | G85: Temperature Element with TW | H85: Brine | J85: =IFERROR(INDEX(Pressures_mbar,MATCH(INDEX(LOL_LineTags,MATCH(C85,LOL_LineNumbers,0)),LineTags,0)),IFERROR(INDEX(LOE_Pressures,MATCH(C85,LOE_EquipNames,0)),INDEX(LOE_Pressures,MATCH(C85,LOE_EquipTags,0)))) -> 2500 | M85: =IFERROR(INDEX(Temperatures,MATCH(INDEX(LOL_LineTags,MATCH(C85,LOL_LineNumbers,0)),LineTags,0)),IFERROR(INDEX(LOE_Temperatures,MATCH(C85,LOE_EquipNames,0)),INDEX(LOE_Temperatures,MATCH(C85,LOE_EquipTags,0)))) -> 37.44739 | P85: =IFERROR(INDEX(FlowRates_kghr,MATCH(INDEX(LOL_LineTags,MATCH(C85,LOL_LineNumbers,0)),LineTags,0)),"") -> 8316 | S85: =IFERROR(INDEX(TDS_Values,MATCH(INDEX(LOL_LineTags,MATCH(C85,LOL_LineNumbers,0)),LineTags,0)),"") -> 60600
A86: =A85+1 -> 83 | B86: SP40-01-03-002 | C86: ='LIST OF LINES'!$B$40 -> 80-40-SS-BW-19 | D86: TIT-205 | F86: MED - 5th effect | G86: Temperature Indicating Transmitter | H86: Brine | J86: =IFERROR(INDEX(Pressures_mbar,MATCH(INDEX(LOL_LineTags,MATCH(C86,LOL_LineNumbers,0)),LineTags,0)),IFERROR(INDEX(LOE_Pressures,MATCH(C86,LOE_EquipNames,0)),INDEX(LOE_Pressures,MATCH(C86,LOE_EquipTags,0)))) -> 2500 | M86: =IFERROR(INDEX(Temperatures,MATCH(INDEX(LOL_LineTags,MATCH(C86,LOL_LineNumbers,0)),LineTags,0)),IFERROR(INDEX(LOE_Temperatures,MATCH(C86,LOE_EquipNames,0)),INDEX(LOE_Temperatures,MATCH(C86,LOE_EquipTags,0)))) -> 37.44739 | P86: =IFERROR(INDEX(FlowRates_kghr,MATCH(INDEX(LOL_LineTags,MATCH(C86,LOL_LineNumbers,0)),LineTags,0)),"") -> 8316 | S86: =IFERROR(INDEX(TDS_Values,MATCH(INDEX(LOL_LineTags,MATCH(C86,LOL_LineNumbers,0)),LineTags,0)),"") -> 60600
A87: =A86+1 -> 84 | B87: SP40-01-03-002 | C87: ='LIST OF LINES'!$B$41 -> 80-40-SS-BW-20 | D87: ZT-206 | F87: MED - 6th effect | G87: Position Transmitter | H87: Brine | J87: =IFERROR(INDEX(Pressures_mbar,MATCH(INDEX(LOL_LineTags,MATCH(C87,LOL_LineNumbers,0)),LineTags,0)),IFERROR(INDEX(LOE_Pressures,MATCH(C87,LOE_EquipNames,0)),INDEX(LOE_Pressures,MATCH(C87,LOE_EquipTags,0)))) -> 2500 | M87: =IFERROR(INDEX(Temperatures,MATCH(INDEX(LOL_LineTags,MATCH(C87,LOL_LineNumbers,0)),LineTags,0)),IFERROR(INDEX(LOE_Temperatures,MATCH(C87,LOE_EquipNames,0)),INDEX(LOE_Temperatures,MATCH(C87,LOE_EquipTags,0)))) -> 37.44739 | P87: =IFERROR(INDEX(FlowRates_kghr,MATCH(INDEX(LOL_LineTags,MATCH(C87,LOL_LineNumbers,0)),LineTags,0)),"") -> 8316 | S87: =IFERROR(INDEX(TDS_Values,MATCH(INDEX(LOL_LineTags,MATCH(C87,LOL_LineNumbers,0)),LineTags,0)),"") -> 60600
A88: =A87+1 -> 85 | B88: SP40-01-03-002 | C88: ='LIST OF LINES'!$B$41 -> 80-40-SS-BW-20 | D88: FIT-206 | F88: MED - 6th effect | G88: Electro Magnetic Flow meter | H88: Brine | J88: =IFERROR(INDEX(Pressures_mbar,MATCH(INDEX(LOL_LineTags,MATCH(C88,LOL_LineNumbers,0)),LineTags,0)),IFERROR(INDEX(LOE_Pressures,MATCH(C88,LOE_EquipNames,0)),INDEX(LOE_Pressures,MATCH(C88,LOE_EquipTags,0)))) -> 2500 | M88: =IFERROR(INDEX(Temperatures,MATCH(INDEX(LOL_LineTags,MATCH(C88,LOL_LineNumbers,0)),LineTags,0)),IFERROR(INDEX(LOE_Temperatures,MATCH(C88,LOE_EquipNames,0)),INDEX(LOE_Temperatures,MATCH(C88,LOE_EquipTags,0)))) -> 37.44739 | P88: =IFERROR(INDEX(FlowRates_kghr,MATCH(INDEX(LOL_LineTags,MATCH(C88,LOL_LineNumbers,0)),LineTags,0)),"") -> 8316 | S88: =IFERROR(INDEX(TDS_Values,MATCH(INDEX(LOL_LineTags,MATCH(C88,LOL_LineNumbers,0)),LineTags,0)),"") -> 60600
A89: =A88+1 -> 86 | B89: SP40-01-03-002 | C89: ='LIST OF LINES'!$B$41 -> 80-40-SS-BW-20 | D89: PIT-206 | E89: IV-206 | F89: MED - 6th effect | G89: Pressure Indicating Transmitter | H89: Brine | J89: =IFERROR(INDEX(Pressures_mbar,MATCH(INDEX(LOL_LineTags,MATCH(C89,LOL_LineNumbers,0)),LineTags,0)),IFERROR(INDEX(LOE_Pressures,MATCH(C89,LOE_EquipNames,0)),INDEX(LOE_Pressures,MATCH(C89,LOE_EquipTags,0)))) -> 2500 | M89: =IFERROR(INDEX(Temperatures,MATCH(INDEX(LOL_LineTags,MATCH(C89,LOL_LineNumbers,0)),LineTags,0)),IFERROR(INDEX(LOE_Temperatures,MATCH(C89,LOE_EquipNames,0)),INDEX(LOE_Temperatures,MATCH(C89,LOE_EquipTags,0)))) -> 37.44739 | P89: =IFERROR(INDEX(FlowRates_kghr,MATCH(INDEX(LOL_LineTags,MATCH(C89,LOL_LineNumbers,0)),LineTags,0)),"") -> 8316 | S89: =IFERROR(INDEX(TDS_Values,MATCH(INDEX(LOL_LineTags,MATCH(C89,LOL_LineNumbers,0)),LineTags,0)),"") -> 60600
A90: =A89+1 -> 87 | B90: SP40-01-03-002 | C90: ='LIST OF LINES'!$B$41 -> 80-40-SS-BW-20 | D90: TE-206 | F90: MED - 6th effect | G90: Temperature Element with TW | H90: Brine | J90: =IFERROR(INDEX(Pressures_mbar,MATCH(INDEX(LOL_LineTags,MATCH(C90,LOL_LineNumbers,0)),LineTags,0)),IFERROR(INDEX(LOE_Pressures,MATCH(C90,LOE_EquipNames,0)),INDEX(LOE_Pressures,MATCH(C90,LOE_EquipTags,0)))) -> 2500 | M90: =IFERROR(INDEX(Temperatures,MATCH(INDEX(LOL_LineTags,MATCH(C90,LOL_LineNumbers,0)),LineTags,0)),IFERROR(INDEX(LOE_Temperatures,MATCH(C90,LOE_EquipNames,0)),INDEX(LOE_Temperatures,MATCH(C90,LOE_EquipTags,0)))) -> 37.44739 | P90: =IFERROR(INDEX(FlowRates_kghr,MATCH(INDEX(LOL_LineTags,MATCH(C90,LOL_LineNumbers,0)),LineTags,0)),"") -> 8316 | S90: =IFERROR(INDEX(TDS_Values,MATCH(INDEX(LOL_LineTags,MATCH(C90,LOL_LineNumbers,0)),LineTags,0)),"") -> 60600
A91: =A90+1 -> 88 | B91: SP40-01-03-002 | C91: ='LIST OF LINES'!$B$41 -> 80-40-SS-BW-20 | D91: TIT-206 | F91: MED - 6th effect | G91: Temperature Indicating Transmitter | H91: Brine | J91: =IFERROR(INDEX(Pressures_mbar,MATCH(INDEX(LOL_LineTags,MATCH(C91,LOL_LineNumbers,0)),LineTags,0)),IFERROR(INDEX(LOE_Pressures,MATCH(C91,LOE_EquipNames,0)),INDEX(LOE_Pressures,MATCH(C91,LOE_EquipTags,0)))) -> 2500 | M91: =IFERROR(INDEX(Temperatures,MATCH(INDEX(LOL_LineTags,MATCH(C91,LOL_LineNumbers,0)),LineTags,0)),IFERROR(INDEX(LOE_Temperatures,MATCH(C91,LOE_EquipNames,0)),INDEX(LOE_Temperatures,MATCH(C91,LOE_EquipTags,0)))) -> 37.44739 | P91: =IFERROR(INDEX(FlowRates_kghr,MATCH(INDEX(LOL_LineTags,MATCH(C91,LOL_LineNumbers,0)),LineTags,0)),"") -> 8316 | S91: =IFERROR(INDEX(TDS_Values,MATCH(INDEX(LOL_LineTags,MATCH(C91,LOL_LineNumbers,0)),LineTags,0)),"") -> 60600
A92: =A91+1 -> 89 | B92: SP40-01-03-002 | C92: ='LIST OF LINES'!$B$42 -> 80-40-SS-BW-21 | D92: ZT-207 | F92: MED - 7th effect | G92: Position Transmitter | H92: Brine | J92: =IFERROR(INDEX(Pressures_mbar,MATCH(INDEX(LOL_LineTags,MATCH(C92,LOL_LineNumbers,0)),LineTags,0)),IFERROR(INDEX(LOE_Pressures,MATCH(C92,LOE_EquipNames,0)),INDEX(LOE_Pressures,MATCH(C92,LOE_EquipTags,0)))) -> 2500 | M92: =IFERROR(INDEX(Temperatures,MATCH(INDEX(LOL_LineTags,MATCH(C92,LOL_LineNumbers,0)),LineTags,0)),IFERROR(INDEX(LOE_Temperatures,MATCH(C92,LOE_EquipNames,0)),INDEX(LOE_Temperatures,MATCH(C92,LOE_EquipTags,0)))) -> 37.44739 | P92: =IFERROR(INDEX(FlowRates_kghr,MATCH(INDEX(LOL_LineTags,MATCH(C92,LOL_LineNumbers,0)),LineTags,0)),"") -> 7776 | S92: =IFERROR(INDEX(TDS_Values,MATCH(INDEX(LOL_LineTags,MATCH(C92,LOL_LineNumbers,0)),LineTags,0)),"") -> 60600
A93: =A92+1 -> 90 | B93: SP40-01-03-002 | C93: ='LIST OF LINES'!$B$42 -> 80-40-SS-BW-21 | D93: FIT-207 | F93: MED - 7th effect | G93: Electro Magnetic Flow meter | H93: Brine | J93: =IFERROR(INDEX(Pressures_mbar,MATCH(INDEX(LOL_LineTags,MATCH(C93,LOL_LineNumbers,0)),LineTags,0)),IFERROR(INDEX(LOE_Pressures,MATCH(C93,LOE_EquipNames,0)),INDEX(LOE_Pressures,MATCH(C93,LOE_EquipTags,0)))) -> 2500 | M93: =IFERROR(INDEX(Temperatures,MATCH(INDEX(LOL_LineTags,MATCH(C93,LOL_LineNumbers,0)),LineTags,0)),IFERROR(INDEX(LOE_Temperatures,MATCH(C93,LOE_EquipNames,0)),INDEX(LOE_Temperatures,MATCH(C93,LOE_EquipTags,0)))) -> 37.44739 | P93: =IFERROR(INDEX(FlowRates_kghr,MATCH(INDEX(LOL_LineTags,MATCH(C93,LOL_LineNumbers,0)),LineTags,0)),"") -> 7776 | S93: =IFERROR(INDEX(TDS_Values,MATCH(INDEX(LOL_LineTags,MATCH(C93,LOL_LineNumbers,0)),LineTags,0)),"") -> 60600
A94: =A93+1 -> 91 | B94: SP40-01-03-002 | C94: ='LIST OF LINES'!$B$42 -> 80-40-SS-BW-21 | D94: PIT-207 | E94: IV-207 | F94: MED - 7th effect | G94: Pressure Indicating Transmitter | H94: Brine | J94: =IFERROR(INDEX(Pressures_mbar,MATCH(INDEX(LOL_LineTags,MATCH(C94,LOL_LineNumbers,0)),LineTags,0)),IFERROR(INDEX(LOE_Pressures,MATCH(C94,LOE_EquipNames,0)),INDEX(LOE_Pressures,MATCH(C94,LOE_EquipTags,0)))) -> 2500 | M94: =IFERROR(INDEX(Temperatures,MATCH(INDEX(LOL_LineTags,MATCH(C94,LOL_LineNumbers,0)),LineTags,0)),IFERROR(INDEX(LOE_Temperatures,MATCH(C94,LOE_EquipNames,0)),INDEX(LOE_Temperatures,MATCH(C94,LOE_EquipTags,0)))) -> 37.44739 | P94: =IFERROR(INDEX(FlowRates_kghr,MATCH(INDEX(LOL_LineTags,MATCH(C94,LOL_LineNumbers,0)),LineTags,0)),"") -> 7776 | S94: =IFERROR(INDEX(TDS_Values,MATCH(INDEX(LOL_LineTags,MATCH(C94,LOL_LineNumbers,0)),LineTags,0)),"") -> 60600
A95: =A94+1 -> 92 | B95: SP40-01-03-002 | C95: ='LIST OF LINES'!$B$42 -> 80-40-SS-BW-21 | D95: TE-207 | F95: MED - 7th effect | G95: Temperature Element with TW | H95: Brine | J95: =IFERROR(INDEX(Pressures_mbar,MATCH(INDEX(LOL_LineTags,MATCH(C95,LOL_LineNumbers,0)),LineTags,0)),IFERROR(INDEX(LOE_Pressures,MATCH(C95,LOE_EquipNames,0)),INDEX(LOE_Pressures,MATCH(C95,LOE_EquipTags,0)))) -> 2500 | M95: =IFERROR(INDEX(Temperatures,MATCH(INDEX(LOL_LineTags,MATCH(C95,LOL_LineNumbers,0)),LineTags,0)),IFERROR(INDEX(LOE_Temperatures,MATCH(C95,LOE_EquipNames,0)),INDEX(LOE_Temperatures,MATCH(C95,LOE_EquipTags,0)))) -> 37.44739 | P95: =IFERROR(INDEX(FlowRates_kghr,MATCH(INDEX(LOL_LineTags,MATCH(C95,LOL_LineNumbers,0)),LineTags,0)),"") -> 7776 | S95: =IFERROR(INDEX(TDS_Values,MATCH(INDEX(LOL_LineTags,MATCH(C95,LOL_LineNumbers,0)),LineTags,0)),"") -> 60600
A96: =A95+1 -> 93 | B96: SP40-01-03-002 | C96: ='LIST OF LINES'!$B$42 -> 80-40-SS-BW-21 | D96: TIT-207 | F96: MED - 7th effect | G96: Temperature Indicating Transmitter | H96: Brine | J96: =IFERROR(INDEX(Pressures_mbar,MATCH(INDEX(LOL_LineTags,MATCH(C96,LOL_LineNumbers,0)),LineTags,0)),IFERROR(INDEX(LOE_Pressures,MATCH(C96,LOE_EquipNames,0)),INDEX(LOE_Pressures,MATCH(C96,LOE_EquipTags,0)))) -> 2500 | M96: =IFERROR(INDEX(Temperatures,MATCH(INDEX(LOL_LineTags,MATCH(C96,LOL_LineNumbers,0)),LineTags,0)),IFERROR(INDEX(LOE_Temperatures,MATCH(C96,LOE_EquipNames,0)),INDEX(LOE_Temperatures,MATCH(C96,LOE_EquipTags,0)))) -> 37.44739 | P96: =IFERROR(INDEX(FlowRates_kghr,MATCH(INDEX(LOL_LineTags,MATCH(C96,LOL_LineNumbers,0)),LineTags,0)),"") -> 7776 | S96: =IFERROR(INDEX(TDS_Values,MATCH(INDEX(LOL_LineTags,MATCH(C96,LOL_LineNumbers,0)),LineTags,0)),"") -> 60600
A97: =A96+1 -> 94 | B97: SP40-01-03-002 | C97: ='LIST OF LINES'!$B$43 -> 80-40-SS-BW-22 | D97: ZT-208 | F97: MED - 8th effect | G97: Position Transmitter | H97: Brine | J97: =IFERROR(INDEX(Pressures_mbar,MATCH(INDEX(LOL_LineTags,MATCH(C97,LOL_LineNumbers,0)),LineTags,0)),IFERROR(INDEX(LOE_Pressures,MATCH(C97,LOE_EquipNames,0)),INDEX(LOE_Pressures,MATCH(C97,LOE_EquipTags,0)))) -> 2500 | M97: =IFERROR(INDEX(Temperatures,MATCH(INDEX(LOL_LineTags,MATCH(C97,LOL_LineNumbers,0)),LineTags,0)),IFERROR(INDEX(LOE_Temperatures,MATCH(C97,LOE_EquipNames,0)),INDEX(LOE_Temperatures,MATCH(C97,LOE_EquipTags,0)))) -> 37.44739 | P97: =IFERROR(INDEX(FlowRates_kghr,MATCH(INDEX(LOL_LineTags,MATCH(C97,LOL_LineNumbers,0)),LineTags,0)),"") -> 7776 | S97: =IFERROR(INDEX(TDS_Values,MATCH(INDEX(LOL_LineTags,MATCH(C97,LOL_LineNumbers,0)),LineTags,0)),"") -> 60600
A98: =A97+1 -> 95 | B98: SP40-01-03-002 | C98: ='LIST OF LINES'!$B$43 -> 80-40-SS-BW-22 | D98: FIT-208 | F98: MED - 8th effect | G98: Electro Magnetic Flow meter | H98: Brine | J98: =IFERROR(INDEX(Pressures_mbar,MATCH(INDEX(LOL_LineTags,MATCH(C98,LOL_LineNumbers,0)),LineTags,0)),IFERROR(INDEX(LOE_Pressures,MATCH(C98,LOE_EquipNames,0)),INDEX(LOE_Pressures,MATCH(C98,LOE_EquipTags,0)))) -> 2500 | M98: =IFERROR(INDEX(Temperatures,MATCH(INDEX(LOL_LineTags,MATCH(C98,LOL_LineNumbers,0)),LineTags,0)),IFERROR(INDEX(LOE_Temperatures,MATCH(C98,LOE_EquipNames,0)),INDEX(LOE_Temperatures,MATCH(C98,LOE_EquipTags,0)))) -> 37.44739 | P98: =IFERROR(INDEX(FlowRates_kghr,MATCH(INDEX(LOL_LineTags,MATCH(C98,LOL_LineNumbers,0)),LineTags,0)),"") -> 7776 | S98: =IFERROR(INDEX(TDS_Values,MATCH(INDEX(LOL_LineTags,MATCH(C98,LOL_LineNumbers,0)),LineTags,0)),"") -> 60600
A99: =A98+1 -> 96 | B99: SP40-01-03-002 | C99: ='LIST OF LINES'!$B$43 -> 80-40-SS-BW-22 | D99: PIT-208 | E99: IV-208 | F99: MED - 8th effect | G99: Pressure Indicating Transmitter | H99: Brine | J99: =IFERROR(INDEX(Pressures_mbar,MATCH(INDEX(LOL_LineTags,MATCH(C99,LOL_LineNumbers,0)),LineTags,0)),IFERROR(INDEX(LOE_Pressures,MATCH(C99,LOE_EquipNames,0)),INDEX(LOE_Pressures,MATCH(C99,LOE_EquipTags,0)))) -> 2500 | M99: =IFERROR(INDEX(Temperatures,MATCH(INDEX(LOL_LineTags,MATCH(C99,LOL_LineNumbers,0)),LineTags,0)),IFERROR(INDEX(LOE_Temperatures,MATCH(C99,LOE_EquipNames,0)),INDEX(LOE_Temperatures,MATCH(C99,LOE_EquipTags,0)))) -> 37.44739 | P99: =IFERROR(INDEX(FlowRates_kghr,MATCH(INDEX(LOL_LineTags,MATCH(C99,LOL_LineNumbers,0)),LineTags,0)),"") -> 7776 | S99: =IFERROR(INDEX(TDS_Values,MATCH(INDEX(LOL_LineTags,MATCH(C99,LOL_LineNumbers,0)),LineTags,0)),"") -> 60600
A100: =A99+1 -> 97 | B100: SP40-01-03-002 | C100: ='LIST OF LINES'!$B$43 -> 80-40-SS-BW-22 | D100: TE-208 | F100: MED - 8th effect | G100: Temperature Element with TW | H100: Brine | J100: =IFERROR(INDEX(Pressures_mbar,MATCH(INDEX(LOL_LineTags,MATCH(C100,LOL_LineNumbers,0)),LineTags,0)),IFERROR(INDEX(LOE_Pressures,MATCH(C100,LOE_EquipNames,0)),INDEX(LOE_Pressures,MATCH(C100,LOE_EquipTags,0)))) -> 2500 | M100: =IFERROR(INDEX(Temperatures,MATCH(INDEX(LOL_LineTags,MATCH(C100,LOL_LineNumbers,0)),LineTags,0)),IFERROR(INDEX(LOE_Temperatures,MATCH(C100,LOE_EquipNames,0)),INDEX(LOE_Temperatures,MATCH(C100,LOE_EquipTags,0)))) -> 37.44739 | P100: =IFERROR(INDEX(FlowRates_kghr,MATCH(INDEX(LOL_LineTags,MATCH(C100,LOL_LineNumbers,0)),LineTags,0)),"") -> 7776 | S100: =IFERROR(INDEX(TDS_Values,MATCH(INDEX(LOL_LineTags,MATCH(C100,LOL_LineNumbers,0)),LineTags,0)),"") -> 60600
...

Sheet LIST OF VALVES
A1: S.No | B1: P&ID No | C1: LINE NUMBER | D1: VALVE TAG No. | E1: SERVICE LOACATION | F1: VALVE TYPE | G1: END CONNECTION | H1: SIZE (NB) | I1: Fluid | J1: Operation Condition | S1: Delta Pressure (bar) | T1: Instrument data | AB1: Signal Type & Location | AE1: Instrument Model No | AF1: Accessories | AG1: Remarks
J2: Pressure (Bar) | M2: Temperature (Deg C) | P2: Flow (m3/hr) | T2: Valve Operation | U2: Type | V2: End connection | W2: Body | X2: Trim | Y2: Seat | Z2: Packing material | AA2: Leakage Class | AB2: Local | AC2: PLC | AD2: I/O Type
J3: Min. | K3: Nor. | L3: Max. | M3: Min. | N3: Nor. | O3: Max. | P3: Min. | Q3: Nor. | R3: Max.
A4: 1 | B4: SP40-01-03-001 | C4: ='LIST OF LINES'!$B$4 -> 200-40-SS-SW-01 | D4: IV-101 | E4: PIT-101 - Isolation Valve | F4: BALL VALVE | G4: THREADED | H4: NB15 | I4: Sea water | K4: =IFERROR(INDEX(Pressures_bar,MATCH(INDEX(LOL_LineTags,MATCH(C4,LOL_LineNumbers,0)),LineTags,0)),IFERROR(INDEX(LOE_Pressures,MATCH(C4,LOE_EquipNames,0))/1000,INDEX(LOE_Pressures,MATCH(C4,LOE_EquipTags,0))/1000)) -> 1 | N4: =IFERROR(INDEX(Temperatures,MATCH(INDEX(LOL_LineTags,MATCH(C4,LOL_LineNumbers,0)),LineTags,0)),IFERROR(INDEX(LOE_Temperatures,MATCH(C4,LOE_EquipNames,0)),INDEX(LOE_Temperatures,MATCH(C4,LOE_EquipTags,0)))) -> 30 | Q4: =IFERROR(INDEX(FlowRates_kghr,MATCH(INDEX(LOL_LineTags,MATCH(C4,LOL_LineNumbers,0)),LineTags,0))/INDEX(Densities,MATCH(INDEX(LOL_LineTags,MATCH(C4,LOL_LineNumbers,0)),LineTags,0)),"") -> 112.55944
A5: =A4+1 -> 2 | B5: SP40-01-03-001 | C5: ='LIST OF LINES'!$B$4 -> 200-40-SS-SW-01 | D5: BFV-101 | E5: SWP-1 SUCTION SIDE | F5: BUTTERFLY | G5: FLANGED | H5: NB200 | I5: Sea water | K5: =IFERROR(INDEX(Pressures_bar,MATCH(INDEX(LOL_LineTags,MATCH(C5,LOL_LineNumbers,0)),LineTags,0)),IFERROR(INDEX(LOE_Pressures,MATCH(C5,LOE_EquipNames,0))/1000,INDEX(LOE_Pressures,MATCH(C5,LOE_EquipTags,0))/1000)) -> 1 | N5: =IFERROR(INDEX(Temperatures,MATCH(INDEX(LOL_LineTags,MATCH(C5,LOL_LineNumbers,0)),LineTags,0)),IFERROR(INDEX(LOE_Temperatures,MATCH(C5,LOE_EquipNames,0)),INDEX(LOE_Temperatures,MATCH(C5,LOE_EquipTags,0)))) -> 30 | Q5: =IFERROR(INDEX(FlowRates_kghr,MATCH(INDEX(LOL_LineTags,MATCH(C5,LOL_LineNumbers,0)),LineTags,0))/INDEX(Densities,MATCH(INDEX(LOL_LineTags,MATCH(C5,LOL_LineNumbers,0)),LineTags,0)),"") -> 112.55944
A6: =A5+1 -> 3 | B6: SP40-01-03-001 | C6: ='LIST OF LINES'!$B$4 -> 200-40-SS-SW-01 | D6: BFV-102 | E6: SWP-2 SUCTION SIDE | F6: BUTTERFLY | G6: FLANGED | H6: NB200 | I6: Sea water | K6: =IFERROR(INDEX(Pressures_bar,MATCH(INDEX(LOL_LineTags,MATCH(C6,LOL_LineNumbers,0)),LineTags,0)),IFERROR(INDEX(LOE_Pressures,MATCH(C6,LOE_EquipNames,0))/1000,INDEX(LOE_Pressures,MATCH(C6,LOE_EquipTags,0))/1000)) -> 1 | N6: =IFERROR(INDEX(Temperatures,MATCH(INDEX(LOL_LineTags,MATCH(C6,LOL_LineNumbers,0)),LineTags,0)),IFERROR(INDEX(LOE_Temperatures,MATCH(C6,LOE_EquipNames,0)),INDEX(LOE_Temperatures,MATCH(C6,LOE_EquipTags,0)))) -> 30 | Q6: =IFERROR(INDEX(FlowRates_kghr,MATCH(INDEX(LOL_LineTags,MATCH(C6,LOL_LineNumbers,0)),LineTags,0))/INDEX(Densities,MATCH(INDEX(LOL_LineTags,MATCH(C6,LOL_LineNumbers,0)),LineTags,0)),"") -> 112.55944
A7: =A6+1 -> 4 | B7: SP40-01-03-001 | C7: ='LIST OF LINES'!$B$4 -> 200-40-SS-SW-01 | D7: DV-101 | E7: ST-101 - Strainer drain valve | F7: BALL VALVE | G7: FLANGED | H7: NB15 | I7: Sea water | K7: =IFERROR(INDEX(Pressures_bar,MATCH(INDEX(LOL_LineTags,MATCH(C7,LOL_LineNumbers,0)),LineTags,0)),IFERROR(INDEX(LOE_Pressures,MATCH(C7,LOE_EquipNames,0))/1000,INDEX(LOE_Pressures,MATCH(C7,LOE_EquipTags,0))/1000)) -> 1 | N7: =IFERROR(INDEX(Temperatures,MATCH(INDEX(LOL_LineTags,MATCH(C7,LOL_LineNumbers,0)),LineTags,0)),IFERROR(INDEX(LOE_Temperatures,MATCH(C7,LOE_EquipNames,0)),INDEX(LOE_Temperatures,MATCH(C7,LOE_EquipTags,0)))) -> 30 | Q7: =IFERROR(INDEX(FlowRates_kghr,MATCH(INDEX(LOL_LineTags,MATCH(C7,LOL_LineNumbers,0)),LineTags,0))/INDEX(Densities,MATCH(INDEX(LOL_LineTags,MATCH(C7,LOL_LineNumbers,0)),LineTags,0)),"") -> 112.55944
A8: =A7+1 -> 5 | B8: SP40-01-03-001 | C8: ='LIST OF LINES'!$B$4 -> 200-40-SS-SW-01 | D8: DV-102 | E8: ST-102 - Strainer drain valve | F8: BALL VALVE | G8: FLANGED | H8: NB15 | I8: Sea water | K8: =IFERROR(INDEX(Pressures_bar,MATCH(INDEX(LOL_LineTags,MATCH(C8,LOL_LineNumbers,0)),LineTags,0)),IFERROR(INDEX(LOE_Pressures,MATCH(C8,LOE_EquipNames,0))/1000,INDEX(LOE_Pressures,MATCH(C8,LOE_EquipTags,0))/1000)) -> 1 | N8: =IFERROR(INDEX(Temperatures,MATCH(INDEX(LOL_LineTags,MATCH(C8,LOL_LineNumbers,0)),LineTags,0)),IFERROR(INDEX(LOE_Temperatures,MATCH(C8,LOE_EquipNames,0)),INDEX(LOE_Temperatures,MATCH(C8,LOE_EquipTags,0)))) -> 30 | Q8: =IFERROR(INDEX(FlowRates_kghr,MATCH(INDEX(LOL_LineTags,MATCH(C8,LOL_LineNumbers,0)),LineTags,0))/INDEX(Densities,MATCH(INDEX(LOL_LineTags,MATCH(C8,LOL_LineNumbers,0)),LineTags,0)),"") -> 112.55944
A9: =A8+1 -> 6 | B9: SP40-01-03-001 | C9: ='LIST OF LINES'!$B$5 -> 200-40-SS-SW-02 | D9: IV-102 | E9: PG-101 | F9: BALL VALVE | G9: THREADED | H9: NB15 | I9: Sea water | K9: =IFERROR(INDEX(Pressures_bar,MATCH(INDEX(LOL_LineTags,MATCH(C9,LOL_LineNumbers,0)),LineTags,0)),IFERROR(INDEX(LOE_Pressures,MATCH(C9,LOE_EquipNames,0))/1000,INDEX(LOE_Pressures,MATCH(C9,LOE_EquipTags,0))/1000)) -> 3.5 | N9: =IFERROR(INDEX(Temperatures,MATCH(INDEX(LOL_LineTags,MATCH(C9,LOL_LineNumbers,0)),LineTags,0)),IFERROR(INDEX(LOE_Temperatures,MATCH(C9,LOE_EquipNames,0)),INDEX(LOE_Temperatures,MATCH(C9,LOE_EquipTags,0)))) -> 30.086198 | Q9: =IFERROR(INDEX(FlowRates_kghr,MATCH(INDEX(LOL_LineTags,MATCH(C9,LOL_LineNumbers,0)),LineTags,0))/INDEX(Densities,MATCH(INDEX(LOL_LineTags,MATCH(C9,LOL_LineNumbers,0)),LineTags,0)),"") -> 112.54999
A10: =A9+1 -> 7 | B10: SP40-01-03-001 | C10: ='LIST OF LINES'!$B$5 -> 200-40-SS-SW-02 | D10: IV-103 | E10: PG-102 | F10: BALL VALVE | G10: THREADED | H10: NB15 | I10: Sea water | K10: =IFERROR(INDEX(Pressures_bar,MATCH(INDEX(LOL_LineTags,MATCH(C10,LOL_LineNumbers,0)),LineTags,0)),IFERROR(INDEX(LOE_Pressures,MATCH(C10,LOE_EquipNames,0))/1000,INDEX(LOE_Pressures,MATCH(C10,LOE_EquipTags,0))/1000)) -> 3.5 | N10: =IFERROR(INDEX(Temperatures,MATCH(INDEX(LOL_LineTags,MATCH(C10,LOL_LineNumbers,0)),LineTags,0)),IFERROR(INDEX(LOE_Temperatures,MATCH(C10,LOE_EquipNames,0)),INDEX(LOE_Temperatures,MATCH(C10,LOE_EquipTags,0)))) -> 30.086198 | Q10: =IFERROR(INDEX(FlowRates_kghr,MATCH(INDEX(LOL_LineTags,MATCH(C10,LOL_LineNumbers,0)),LineTags,0))/INDEX(Densities,MATCH(INDEX(LOL_LineTags,MATCH(C10,LOL_LineNumbers,0)),LineTags,0)),"") -> 112.54999
A11: =A10+1 -> 8 | B11: SP40-01-03-001 | C11: ='LIST OF LINES'!$B$5 -> 200-40-SS-SW-02 | D11: NRV-101 | E11: SWP-1 DELIVERY SIDE | F11: NON RETURN VALVE | G11: FLANGED | H11: NB200 | I11: Sea water | K11: =IFERROR(INDEX(Pressures_bar,MATCH(INDEX(LOL_LineTags,MATCH(C11,LOL_LineNumbers,0)),LineTags,0)),IFERROR(INDEX(LOE_Pressures,MATCH(C11,LOE_EquipNames,0))/1000,INDEX(LOE_Pressures,MATCH(C11,LOE_EquipTags,0))/1000)) -> 3.5 | N11: =IFERROR(INDEX(Temperatures,MATCH(INDEX(LOL_LineTags,MATCH(C11,LOL_LineNumbers,0)),LineTags,0)),IFERROR(INDEX(LOE_Temperatures,MATCH(C11,LOE_EquipNames,0)),INDEX(LOE_Temperatures,MATCH(C11,LOE_EquipTags,0)))) -> 30.086198 | Q11: =IFERROR(INDEX(FlowRates_kghr,MATCH(INDEX(LOL_LineTags,MATCH(C11,LOL_LineNumbers,0)),LineTags,0))/INDEX(Densities,MATCH(INDEX(LOL_LineTags,MATCH(C11,LOL_LineNumbers,0)),LineTags,0)),"") -> 112.54999
A12: =A11+1 -> 9 | B12: SP40-01-03-001 | C12: ='LIST OF LINES'!$B$5 -> 200-40-SS-SW-02 | D12: NRV-102 | E12: SWP-2 DELIVERY SIDE | F12: NON RETURN VALVE | G12: FLANGED | H12: NB200 | I12: Sea water | K12: =IFERROR(INDEX(Pressures_bar,MATCH(INDEX(LOL_LineTags,MATCH(C12,LOL_LineNumbers,0)),LineTags,0)),IFERROR(INDEX(LOE_Pressures,MATCH(C12,LOE_EquipNames,0))/1000,INDEX(LOE_Pressures,MATCH(C12,LOE_EquipTags,0))/1000)) -> 3.5 | N12: =IFERROR(INDEX(Temperatures,MATCH(INDEX(LOL_LineTags,MATCH(C12,LOL_LineNumbers,0)),LineTags,0)),IFERROR(INDEX(LOE_Temperatures,MATCH(C12,LOE_EquipNames,0)),INDEX(LOE_Temperatures,MATCH(C12,LOE_EquipTags,0)))) -> 30.086198 | Q12: =IFERROR(INDEX(FlowRates_kghr,MATCH(INDEX(LOL_LineTags,MATCH(C12,LOL_LineNumbers,0)),LineTags,0))/INDEX(Densities,MATCH(INDEX(LOL_LineTags,MATCH(C12,LOL_LineNumbers,0)),LineTags,0)),"") -> 112.54999
A13: =A12+1 -> 10 | B13: SP40-01-03-001 | C13: ='LIST OF LINES'!$B$5 -> 200-40-SS-SW-02 | D13: BV-101 | E13: SWP-1 DELIVERY SIDE | F13: BALL VALVE | G13: FLANGED | H13: NB200 | I13: Sea water | K13: =IFERROR(INDEX(Pressures_bar,MATCH(INDEX(LOL_LineTags,MATCH(C13,LOL_LineNumbers,0)),LineTags,0)),IFERROR(INDEX(LOE_Pressures,MATCH(C13,LOE_EquipNames,0))/1000,INDEX(LOE_Pressures,MATCH(C13,LOE_EquipTags,0))/1000)) -> 3.5 | N13: =IFERROR(INDEX(Temperatures,MATCH(INDEX(LOL_LineTags,MATCH(C13,LOL_LineNumbers,0)),LineTags,0)),IFERROR(INDEX(LOE_Temperatures,MATCH(C13,LOE_EquipNames,0)),INDEX(LOE_Temperatures,MATCH(C13,LOE_EquipTags,0)))) -> 30.086198 | Q13: =IFERROR(INDEX(FlowRates_kghr,MATCH(INDEX(LOL_LineTags,MATCH(C13,LOL_LineNumbers,0)),LineTags,0))/INDEX(Densities,MATCH(INDEX(LOL_LineTags,MATCH(C13,LOL_LineNumbers,0)),LineTags,0)),"") -> 112.54999
A14: =A13+1 -> 11 | B14: SP40-01-03-001 | C14: ='LIST OF LINES'!$B$5 -> 200-40-SS-SW-02 | D14: BV-102 | E14: SWP-2 DELIVERY SIDE | F14: BALL VALVE | G14: FLANGED | H14: NB200 | I14: Sea water | K14: =IFERROR(INDEX(Pressures_bar,MATCH(INDEX(LOL_LineTags,MATCH(C14,LOL_LineNumbers,0)),LineTags,0)),IFERROR(INDEX(LOE_Pressures,MATCH(C14,LOE_EquipNames,0))/1000,INDEX(LOE_Pressures,MATCH(C14,LOE_EquipTags,0))/1000)) -> 3.5 | N14: =IFERROR(INDEX(Temperatures,MATCH(INDEX(LOL_LineTags,MATCH(C14,LOL_LineNumbers,0)),LineTags,0)),IFERROR(INDEX(LOE_Temperatures,MATCH(C14,LOE_EquipNames,0)),INDEX(LOE_Temperatures,MATCH(C14,LOE_EquipTags,0)))) -> 30.086198 | Q14: =IFERROR(INDEX(FlowRates_kghr,MATCH(INDEX(LOL_LineTags,MATCH(C14,LOL_LineNumbers,0)),LineTags,0))/INDEX(Densities,MATCH(INDEX(LOL_LineTags,MATCH(C14,LOL_LineNumbers,0)),LineTags,0)),"") -> 112.54999
A15: =A14+1 -> 12 | B15: SP40-01-03-001 | C15: ='LIST OF LINES'!$B$5 -> 200-40-SS-SW-02 | D15: IV-104 | E15: PSL-101 | F15: BALL VALVE | G15: THREADED | H15: NB15 | I15: Sea water | K15: =IFERROR(INDEX(Pressures_bar,MATCH(INDEX(LOL_LineTags,MATCH(C15,LOL_LineNumbers,0)),LineTags,0)),IFERROR(INDEX(LOE_Pressures,MATCH(C15,LOE_EquipNames,0))/1000,INDEX(LOE_Pressures,MATCH(C15,LOE_EquipTags,0))/1000)) -> 3.5 | N15: =IFERROR(INDEX(Temperatures,MATCH(INDEX(LOL_LineTags,MATCH(C15,LOL_LineNumbers,0)),LineTags,0)),IFERROR(INDEX(LOE_Temperatures,MATCH(C15,LOE_EquipNames,0)),INDEX(LOE_Temperatures,MATCH(C15,LOE_EquipTags,0)))) -> 30.086198 | Q15: =IFERROR(INDEX(FlowRates_kghr,MATCH(INDEX(LOL_LineTags,MATCH(C15,LOL_LineNumbers,0)),LineTags,0))/INDEX(Densities,MATCH(INDEX(LOL_LineTags,MATCH(C15,LOL_LineNumbers,0)),LineTags,0)),"") -> 112.54999
A16: =A15+1 -> 13 | B16: SP40-01-03-001 | C16: ='LIST OF LINES'!$B$5 -> 200-40-SS-SW-02 | D16: IV-105 | E16: PIT-102 | F16: BALL VALVE | G16: THREADED | H16: NB15 | I16: Sea water | K16: =IFERROR(INDEX(Pressures_bar,MATCH(INDEX(LOL_LineTags,MATCH(C16,LOL_LineNumbers,0)),LineTags,0)),IFERROR(INDEX(LOE_Pressures,MATCH(C16,LOE_EquipNames,0))/1000,INDEX(LOE_Pressures,MATCH(C16,LOE_EquipTags,0))/1000)) -> 3.5 | N16: =IFERROR(INDEX(Temperatures,MATCH(INDEX(LOL_LineTags,MATCH(C16,LOL_LineNumbers,0)),LineTags,0)),IFERROR(INDEX(LOE_Temperatures,MATCH(C16,LOE_EquipNames,0)),INDEX(LOE_Temperatures,MATCH(C16,LOE_EquipTags,0)))) -> 30.086198 | Q16: =IFERROR(INDEX(FlowRates_kghr,MATCH(INDEX(LOL_LineTags,MATCH(C16,LOL_LineNumbers,0)),LineTags,0))/INDEX(Densities,MATCH(INDEX(LOL_LineTags,MATCH(C16,LOL_LineNumbers,0)),LineTags,0)),"") -> 112.54999
A17: =A16+1 -> 14 | B17: SP40-01-03-001 | C17: ='LIST OF LINES'!$B$5 -> 200-40-SS-SW-02 | D17: IV-109 | E17: CIT-101 | F17: BALL VALVE | G17: THREADED | H17: NB15 | I17: Sea water | K17: =IFERROR(INDEX(Pressures_bar,MATCH(INDEX(LOL_LineTags,MATCH(C17,LOL_LineNumbers,0)),LineTags,0)),IFERROR(INDEX(LOE_Pressures,MATCH(C17,LOE_EquipNames,0))/1000,INDEX(LOE_Pressures,MATCH(C17,LOE_EquipTags,0))/1000)) -> 3.5 | N17: =IFERROR(INDEX(Temperatures,MATCH(INDEX(LOL_LineTags,MATCH(C17,LOL_LineNumbers,0)),LineTags,0)),IFERROR(INDEX(LOE_Temperatures,MATCH(C17,LOE_EquipNames,0)),INDEX(LOE_Temperatures,MATCH(C17,LOE_EquipTags,0)))) -> 30.086198 | Q17: =IFERROR(INDEX(FlowRates_kghr,MATCH(INDEX(LOL_LineTags,MATCH(C17,LOL_LineNumbers,0)),LineTags,0))/INDEX(Densities,MATCH(INDEX(LOL_LineTags,MATCH(C17,LOL_LineNumbers,0)),LineTags,0)),"") -> 112.54999
A18: =A17+1 -> 15 | B18: SP40-01-03-001 | C18: ='LIST OF LINES'!B7 -> 100-40-SS-SW-04 | D18: IV-106 | E18: PIT-103 | F18: BALL VALVE | G18: THREADED | H18: NB15 | I18: Sea water | K18: =IFERROR(INDEX(Pressures_bar,MATCH(INDEX(LOL_LineTags,MATCH(C18,LOL_LineNumbers,0)),LineTags,0)),IFERROR(INDEX(LOE_Pressures,MATCH(C18,LOE_EquipNames,0))/1000,INDEX(LOE_Pressures,MATCH(C18,LOE_EquipTags,0))/1000)) -> 3.5 | N18: =IFERROR(INDEX(Temperatures,MATCH(INDEX(LOL_LineTags,MATCH(C18,LOL_LineNumbers,0)),LineTags,0)),IFERROR(INDEX(LOE_Temperatures,MATCH(C18,LOE_EquipNames,0)),INDEX(LOE_Temperatures,MATCH(C18,LOE_EquipTags,0)))) -> 36 | Q18: =IFERROR(INDEX(FlowRates_kghr,MATCH(INDEX(LOL_LineTags,MATCH(C18,LOL_LineNumbers,0)),LineTags,0))/INDEX(Densities,MATCH(INDEX(LOL_LineTags,MATCH(C18,LOL_LineNumbers,0)),LineTags,0)),"") -> 39.323123
A19: =A18+1 -> 16 | B19: SP40-01-03-002 | C19: ='LIST OF LINES'!B8 -> 65-40-SS-SW-05 | D19: MOV-101 | E19: MED-1st effect | F19: MOTORIZED GLOBE VALVE | G19: FLANGED | H19: NB65 | I19: Sea water | K19: =IFERROR(INDEX(Pressures_bar,MATCH(INDEX(LOL_LineTags,MATCH(C19,LOL_LineNumbers,0)),LineTags,0)),IFERROR(INDEX(LOE_Pressures,MATCH(C19,LOE_EquipNames,0))/1000,INDEX(LOE_Pressures,MATCH(C19,LOE_EquipTags,0))/1000)) -> 3.5 | N19: =IFERROR(INDEX(Temperatures,MATCH(INDEX(LOL_LineTags,MATCH(C19,LOL_LineNumbers,0)),LineTags,0)),IFERROR(INDEX(LOE_Temperatures,MATCH(C19,LOE_EquipNames,0)),INDEX(LOE_Temperatures,MATCH(C19,LOE_EquipTags,0)))) -> 36 | Q19: =IFERROR(INDEX(FlowRates_kghr,MATCH(INDEX(LOL_LineTags,MATCH(C19,LOL_LineNumbers,0)),LineTags,0))/INDEX(Densities,MATCH(INDEX(LOL_LineTags,MATCH(C19,LOL_LineNumbers,0)),LineTags,0)),"") -> 13.107708
A20: =A19+1 -> 17 | B20: SP40-01-03-002 | C20: ='LIST OF LINES'!B9 -> 65-40-SS-SW-06 | D20: MOV-102 | E20: MED-2nd effect | F20: MOTORIZED GLOBE VALVE | G20: FLANGED | H20: NB65 | I20: Sea water | K20: =IFERROR(INDEX(Pressures_bar,MATCH(INDEX(LOL_LineTags,MATCH(C20,LOL_LineNumbers,0)),LineTags,0)),IFERROR(INDEX(LOE_Pressures,MATCH(C20,LOE_EquipNames,0))/1000,INDEX(LOE_Pressures,MATCH(C20,LOE_EquipTags,0))/1000)) -> 3.5 | N20: =IFERROR(INDEX(Temperatures,MATCH(INDEX(LOL_LineTags,MATCH(C20,LOL_LineNumbers,0)),LineTags,0)),IFERROR(INDEX(LOE_Temperatures,MATCH(C20,LOE_EquipNames,0)),INDEX(LOE_Temperatures,MATCH(C20,LOE_EquipTags,0)))) -> 36 | Q20: =IFERROR(INDEX(FlowRates_kghr,MATCH(INDEX(LOL_LineTags,MATCH(C20,LOL_LineNumbers,0)),LineTags,0))/INDEX(Densities,MATCH(INDEX(LOL_LineTags,MATCH(C20,LOL_LineNumbers,0)),LineTags,0)),"") -> 13.107708
A21: =A20+1 -> 18 | B21: SP40-01-03-002 | C21: ='LIST OF LINES'!B10 -> 65-40-SS-SW-07 | D21: MOV-103 | E21: MED-3rd effect | F21: MOTORIZED GLOBE VALVE | G21: FLANGED | H21: NB65 | I21: Sea water | K21: =IFERROR(INDEX(Pressures_bar,MATCH(INDEX(LOL_LineTags,MATCH(C21,LOL_LineNumbers,0)),LineTags,0)),IFERROR(INDEX(LOE_Pressures,MATCH(C21,LOE_EquipNames,0))/1000,INDEX(LOE_Pressures,MATCH(C21,LOE_EquipTags,0))/1000)) -> 3.5 | N21: =IFERROR(INDEX(Temperatures,MATCH(INDEX(LOL_LineTags,MATCH(C21,LOL_LineNumbers,0)),LineTags,0)),IFERROR(INDEX(LOE_Temperatures,MATCH(C21,LOE_EquipNames,0)),INDEX(LOE_Temperatures,MATCH(C21,LOE_EquipTags,0)))) -> 36 | Q21: =IFERROR(INDEX(FlowRates_kghr,MATCH(INDEX(LOL_LineTags,MATCH(C21,LOL_LineNumbers,0)),LineTags,0))/INDEX(Densities,MATCH(INDEX(LOL_LineTags,MATCH(C21,LOL_LineNumbers,0)),LineTags,0)),"") -> 13.107708
A22: =A21+1 -> 19 | B22: SP40-01-03-001 | C22: ='LIST OF LINES'!B12 -> 100-40-SS-SW-09 | D22: IV-107 | E22: PIT-104 | F22: BALL VALVE | G22: THREADED | H22: NB15 | I22: Sea water | K22: =IFERROR(INDEX(Pressures_bar,MATCH(INDEX(LOL_LineTags,MATCH(C22,LOL_LineNumbers,0)),LineTags,0)),IFERROR(INDEX(LOE_Pressures,MATCH(C22,LOE_EquipNames,0))/1000,INDEX(LOE_Pressures,MATCH(C22,LOE_EquipTags,0))/1000)) -> 3.5 | N22: =IFERROR(INDEX(Temperatures,MATCH(INDEX(LOL_LineTags,MATCH(C22,LOL_LineNumbers,0)),LineTags,0)),IFERROR(INDEX(LOE_Temperatures,MATCH(C22,LOE_EquipNames,0)),INDEX(LOE_Temperatures,MATCH(C22,LOE_EquipTags,0)))) -> 36.45 | Q22: =IFERROR(INDEX(FlowRates_kghr,MATCH(INDEX(LOL_LineTags,MATCH(C22,LOL_LineNumbers,0)),LineTags,0))/INDEX(Densities,MATCH(INDEX(LOL_LineTags,MATCH(C22,LOL_LineNumbers,0)),LineTags,0)),"") -> 34.722966
A23: =A22+1 -> 20 | B23: SP40-01-03-002 | C23: ='LIST OF LINES'!B13 -> 65-40-SS-SW-10 | D23: MOV-104 | E23: MED-4th effect | F23: MOTORIZED GLOBE VALVE | G23: FLANGED | H23: NB65 | I23: Sea water | K23: =IFERROR(INDEX(Pressures_bar,MATCH(INDEX(LOL_LineTags,MATCH(C23,LOL_LineNumbers,0)),LineTags,0)),IFERROR(INDEX(LOE_Pressures,MATCH(C23,LOE_EquipNames,0))/1000,INDEX(LOE_Pressures,MATCH(C23,LOE_EquipTags,0))/1000)) -> 3.5 | N23: =IFERROR(INDEX(Temperatures,MATCH(INDEX(LOL_LineTags,MATCH(C23,LOL_LineNumbers,0)),LineTags,0)),IFERROR(INDEX(LOE_Temperatures,MATCH(C23,LOE_EquipNames,0)),INDEX(LOE_Temperatures,MATCH(C23,LOE_EquipTags,0)))) -> 36.45 | Q23: =IFERROR(INDEX(FlowRates_kghr,MATCH(INDEX(LOL_LineTags,MATCH(C23,LOL_LineNumbers,0)),LineTags,0))/INDEX(Densities,MATCH(INDEX(LOL_LineTags,MATCH(C23,LOL_LineNumbers,0)),LineTags,0)),"") -> 11.574322
A24: =A23+1 -> 21 | B24: SP40-01-03-002 | C24: ='LIST OF LINES'!B14 -> 65-40-SS-SW-11 | D24: MOV-105 | E24: MED-5th effect | F24: MOTORIZED GLOBE VALVE | G24: FLANGED | H24: NB65 | I24: Sea water | K24: =IFERROR(INDEX(Pressures_bar,MATCH(INDEX(LOL_LineTags,MATCH(C24,LOL_LineNumbers,0)),LineTags,0)),IFERROR(INDEX(LOE_Pressures,MATCH(C24,LOE_EquipNames,0))/1000,INDEX(LOE_Pressures,MATCH(C24,LOE_EquipTags,0))/1000)) -> 3.5 | N24: =IFERROR(INDEX(Temperatures,MATCH(INDEX(LOL_LineTags,MATCH(C24,LOL_LineNumbers,0)),LineTags,0)),IFERROR(INDEX(LOE_Temperatures,MATCH(C24,LOE_EquipNames,0)),INDEX(LOE_Temperatures,MATCH(C24,LOE_EquipTags,0)))) -> 36.45 | Q24: =IFERROR(INDEX(FlowRates_kghr,MATCH(INDEX(LOL_LineTags,MATCH(C24,LOL_LineNumbers,0)),LineTags,0))/INDEX(Densities,MATCH(INDEX(LOL_LineTags,MATCH(C24,LOL_LineNumbers,0)),LineTags,0)),"") -> 11.574322
A25: =A24+1 -> 22 | B25: SP40-01-03-002 | C25: ='LIST OF LINES'!B15 -> 65-40-SS-SW-12 | D25: MOV-106 | E25: MED-6th effect | F25: MOTORIZED GLOBE VALVE | G25: FLANGED | H25: NB65 | I25: Sea water | K25: =IFERROR(INDEX(Pressures_bar,MATCH(INDEX(LOL_LineTags,MATCH(C25,LOL_LineNumbers,0)),LineTags,0)),IFERROR(INDEX(LOE_Pressures,MATCH(C25,LOE_EquipNames,0))/1000,INDEX(LOE_Pressures,MATCH(C25,LOE_EquipTags,0))/1000)) -> 3.5 | N25: =IFERROR(INDEX(Temperatures,MATCH(INDEX(LOL_LineTags,MATCH(C25,LOL_LineNumbers,0)),LineTags,0)),IFERROR(INDEX(LOE_Temperatures,MATCH(C25,LOE_EquipNames,0)),INDEX(LOE_Temperatures,MATCH(C25,LOE_EquipTags,0)))) -> 36.45 | Q25: =IFERROR(INDEX(FlowRates_kghr,MATCH(INDEX(LOL_LineTags,MATCH(C25,LOL_LineNumbers,0)),LineTags,0))/INDEX(Densities,MATCH(INDEX(LOL_LineTags,MATCH(C25,LOL_LineNumbers,0)),LineTags,0)),"") -> 11.574322
A26: =A25+1 -> 23 | B26: SP40-01-03-001 | C26: ='LIST OF LINES'!B17 -> 100-40-SS-SW-14 | D26: IV-108 | E26: PIT-105 | F26: BALL VALVE | G26: THREADED | H26: NB15 | I26: Sea water | K26: =IFERROR(INDEX(Pressures_bar,MATCH(INDEX(LOL_LineTags,MATCH(C26,LOL_LineNumbers,0)),LineTags,0)),IFERROR(INDEX(LOE_Pressures,MATCH(C26,LOE_EquipNames,0))/1000,INDEX(LOE_Pressures,MATCH(C26,LOE_EquipTags,0))/1000)) -> 3.5 | N26: =IFERROR(INDEX(Temperatures,MATCH(INDEX(LOL_LineTags,MATCH(C26,LOL_LineNumbers,0)),LineTags,0)),IFERROR(INDEX(LOE_Temperatures,MATCH(C26,LOE_EquipNames,0)),INDEX(LOE_Temperatures,MATCH(C26,LOE_EquipTags,0)))) -> 33.90938 | Q26: =IFERROR(INDEX(FlowRates_kghr,MATCH(INDEX(LOL_LineTags,MATCH(C26,LOL_LineNumbers,0)),LineTags,0))/INDEX(Densities,MATCH(INDEX(LOL_LineTags,MATCH(C26,LOL_LineNumbers,0)),LineTags,0)),"") -> 38.581149
A27: =A26+1 -> 24 | B27: SP40-01-03-002 | C27: ='LIST OF LINES'!B18 -> 65-40-SS-SW-15 | D27: MOV-107 | E27: MED-7th effect | F27: MOTORIZED GLOBE VALVE | G27: FLANGED | H27: NB65 | I27: Sea water | K27: =IFERROR(INDEX(Pressures_bar,MATCH(INDEX(LOL_LineTags,MATCH(C27,LOL_LineNumbers,0)),LineTags,0)),IFERROR(INDEX(LOE_Pressures,MATCH(C27,LOE_EquipNames,0))/1000,INDEX(LOE_Pressures,MATCH(C27,LOE_EquipTags,0))/1000)) -> 3.5 | N27: =IFERROR(INDEX(Temperatures,MATCH(INDEX(LOL_LineTags,MATCH(C27,LOL_LineNumbers,0)),LineTags,0)),IFERROR(INDEX(LOE_Temperatures,MATCH(C27,LOE_EquipNames,0)),INDEX(LOE_Temperatures,MATCH(C27,LOE_EquipTags,0)))) -> 33.90938 | Q27: =IFERROR(INDEX(FlowRates_kghr,MATCH(INDEX(LOL_LineTags,MATCH(C27,LOL_LineNumbers,0)),LineTags,0))/INDEX(Densities,MATCH(INDEX(LOL_LineTags,MATCH(C27,LOL_LineNumbers,0)),LineTags,0)),"") -> 12.860383
A28: =A27+1 -> 25 | B28: SP40-01-03-002 | C28: ='LIST OF LINES'!B19 -> 65-40-SS-SW-16 | D28: MOV-108 | E28: MED-8th effect | F28: MOTORIZED GLOBE VALVE | G28: FLANGED | H28: NB65 | I28: Sea water | K28: =IFERROR(INDEX(Pressures_bar,MATCH(INDEX(LOL_LineTags,MATCH(C28,LOL_LineNumbers,0)),LineTags,0)),IFERROR(INDEX(LOE_Pressures,MATCH(C28,LOE_EquipNames,0))/1000,INDEX(LOE_Pressures,MATCH(C28,LOE_EquipTags,0))/1000)) -> 3.5 | N28: =IFERROR(INDEX(Temperatures,MATCH(INDEX(LOL_LineTags,MATCH(C28,LOL_LineNumbers,0)),LineTags,0)),IFERROR(INDEX(LOE_Temperatures,MATCH(C28,LOE_EquipNames,0)),INDEX(LOE_Temperatures,MATCH(C28,LOE_EquipTags,0)))) -> 33.90938 | Q28: =IFERROR(INDEX(FlowRates_kghr,MATCH(INDEX(LOL_LineTags,MATCH(C28,LOL_LineNumbers,0)),LineTags,0))/INDEX(Densities,MATCH(INDEX(LOL_LineTags,MATCH(C28,LOL_LineNumbers,0)),LineTags,0)),"") -> 12.860383
A29: =A28+1 -> 26 | B29: SP40-01-03-002 | C29: ='LIST OF LINES'!B20 -> 65-40-SS-SW-17 | D29: MOV-109 | E29: MED-9th effect | F29: MOTORIZED GLOBE VALVE | G29: FLANGED | H29: NB65 | I29: Sea water | K29: =IFERROR(INDEX(Pressures_bar,MATCH(INDEX(LOL_LineTags,MATCH(C29,LOL_LineNumbers,0)),LineTags,0)),IFERROR(INDEX(LOE_Pressures,MATCH(C29,LOE_EquipNames,0))/1000,INDEX(LOE_Pressures,MATCH(C29,LOE_EquipTags,0))/1000)) -> 3.5 | N29: =IFERROR(INDEX(Temperatures,MATCH(INDEX(LOL_LineTags,MATCH(C29,LOL_LineNumbers,0)),LineTags,0)),IFERROR(INDEX(LOE_Temperatures,MATCH(C29,LOE_EquipNames,0)),INDEX(LOE_Temperatures,MATCH(C29,LOE_EquipTags,0)))) -> 33.90938 | Q29: =IFERROR(INDEX(FlowRates_kghr,MATCH(INDEX(LOL_LineTags,MATCH(C29,LOL_LineNumbers,0)),LineTags,0))/INDEX(Densities,MATCH(INDEX(LOL_LineTags,MATCH(C29,LOL_LineNumbers,0)),LineTags,0)),"") -> 12.860383
A30: =A29+1 -> 27 | B30: SP40-01-03-002 | C30: =LIST_OF_EQUIPMENT!$B$5 -> MED - E1 | D30: IV-211 | E30: LT-201 | F30: BALL VALVE | G30: FLANGED | H30: NB25 | I30: Brine | K30: =IFERROR(INDEX(Pressures_bar,MATCH(INDEX(LOL_LineTags,MATCH(C30,LOL_LineNumbers,0)),LineTags,0)),IFERROR(INDEX(LOE_Pressures,MATCH(C30,LOE_EquipNames,0))/1000,INDEX(LOE_Pressures,MATCH(C30,LOE_EquipTags,0))/1000)) -> 0.32046 | N30: =IFERROR(INDEX(Temperatures,MATCH(INDEX(LOL_LineTags,MATCH(C30,LOL_LineNumbers,0)),LineTags,0)),IFERROR(INDEX(LOE_Temperatures,MATCH(C30,LOE_EquipNames,0)),INDEX(LOE_Temperatures,MATCH(C30,LOE_EquipTags,0)))) -> 70.6 | Q30: =IFERROR(INDEX(FlowRates_kghr,MATCH(INDEX(LOL_LineTags,MATCH(C30,LOL_LineNumbers,0)),LineTags,0))/INDEX(Densities,MATCH(INDEX(LOL_LineTags,MATCH(C30,LOL_LineNumbers,0)),LineTags,0)),"")
A31: =A30+1 -> 28 | B31: SP40-01-03-002 | C31: =LIST_OF_EQUIPMENT!$B$5 -> MED - E1 | D31: IV-212 | E31: LT-201 | F31: BALL VALVE | G31: FLANGED | H31: NB25 | I31: Brine | K31: =IFERROR(INDEX(Pressures_bar,MATCH(INDEX(LOL_LineTags,MATCH(C31,LOL_LineNumbers,0)),LineTags,0)),IFERROR(INDEX(LOE_Pressures,MATCH(C31,LOE_EquipNames,0))/1000,INDEX(LOE_Pressures,MATCH(C31,LOE_EquipTags,0))/1000)) -> 0.32046 | N31: =IFERROR(INDEX(Temperatures,MATCH(INDEX(LOL_LineTags,MATCH(C31,LOL_LineNumbers,0)),LineTags,0)),IFERROR(INDEX(LOE_Temperatures,MATCH(C31,LOE_EquipNames,0)),INDEX(LOE_Temperatures,MATCH(C31,LOE_EquipTags,0)))) -> 70.6 | Q31: =IFERROR(INDEX(FlowRates_kghr,MATCH(INDEX(LOL_LineTags,MATCH(C31,LOL_LineNumbers,0)),LineTags,0))/INDEX(Densities,MATCH(INDEX(LOL_LineTags,MATCH(C31,LOL_LineNumbers,0)),LineTags,0)),"")
A32: =A31+1 -> 29 | B32: SP40-01-03-002 | C32: =LIST_OF_EQUIPMENT!$B$5 -> MED - E1 | D32: DV-209 | E32: LT-201 | F32: BALL VALVE | G32: THREADED | H32: NB15 | I32: Brine | K32: =IFERROR(INDEX(Pressures_bar,MATCH(INDEX(LOL_LineTags,MATCH(C32,LOL_LineNumbers,0)),LineTags,0)),IFERROR(INDEX(LOE_Pressures,MATCH(C32,LOE_EquipNames,0))/1000,INDEX(LOE_Pressures,MATCH(C32,LOE_EquipTags,0))/1000)) -> 0.32046 | N32: =IFERROR(INDEX(Temperatures,MATCH(INDEX(LOL_LineTags,MATCH(C32,LOL_LineNumbers,0)),LineTags,0)),IFERROR(INDEX(LOE_Temperatures,MATCH(C32,LOE_EquipNames,0)),INDEX(LOE_Temperatures,MATCH(C32,LOE_EquipTags,0)))) -> 70.6 | Q32: =IFERROR(INDEX(FlowRates_kghr,MATCH(INDEX(LOL_LineTags,MATCH(C32,LOL_LineNumbers,0)),LineTags,0))/INDEX(Densities,MATCH(INDEX(LOL_LineTags,MATCH(C32,LOL_LineNumbers,0)),LineTags,0)),"")
A33: =A32+1 -> 30 | B33: SP40-01-03-002 | C33: =LIST_OF_EQUIPMENT!$B$5 -> MED - E1 | D33: VV-201 | E33: LT-201 | F33: BALL VALVE | G33: THREADED | H33: NB15 | I33: Brine | K33: =IFERROR(INDEX(Pressures_bar,MATCH(INDEX(LOL_LineTags,MATCH(C33,LOL_LineNumbers,0)),LineTags,0)),IFERROR(INDEX(LOE_Pressures,MATCH(C33,LOE_EquipNames,0))/1000,INDEX(LOE_Pressures,MATCH(C33,LOE_EquipTags,0))/1000)) -> 0.32046 | N33: =IFERROR(INDEX(Temperatures,MATCH(INDEX(LOL_LineTags,MATCH(C33,LOL_LineNumbers,0)),LineTags,0)),IFERROR(INDEX(LOE_Temperatures,MATCH(C33,LOE_EquipNames,0)),INDEX(LOE_Temperatures,MATCH(C33,LOE_EquipTags,0)))) -> 70.6 | Q33: =IFERROR(INDEX(FlowRates_kghr,MATCH(INDEX(LOL_LineTags,MATCH(C33,LOL_LineNumbers,0)),LineTags,0))/INDEX(Densities,MATCH(INDEX(LOL_LineTags,MATCH(C33,LOL_LineNumbers,0)),LineTags,0)),"")
A34: =A33+1 -> 31 | B34: SP40-01-03-002 | C34: ='LIST OF LINES'!B22 -> 150-40-SS-BW-01 | D34: DV-201 | E34: Brine siphon - Effect 1 to Effect 2 | F34: BALL VALVE | G34: FLANGED | H34: NB15 | I34: Brine | K34: =IFERROR(INDEX(Pressures_bar,MATCH(INDEX(LOL_LineTags,MATCH(C34,LOL_LineNumbers,0)),LineTags,0)),IFERROR(INDEX(LOE_Pressures,MATCH(C34,LOE_EquipNames,0))/1000,INDEX(LOE_Pressures,MATCH(C34,LOE_EquipTags,0))/1000)) -> 0 | N34: =IFERROR(INDEX(Temperatures,MATCH(INDEX(LOL_LineTags,MATCH(C34,LOL_LineNumbers,0)),LineTags,0)),IFERROR(INDEX(LOE_Temperatures,MATCH(C34,LOE_EquipNames,0)),INDEX(LOE_Temperatures,MATCH(C34,LOE_EquipTags,0)))) -> 66.55 | Q34: =IFERROR(INDEX(FlowRates_kghr,MATCH(INDEX(LOL_LineTags,MATCH(C34,LOL_LineNumbers,0)),LineTags,0))/INDEX(Densities,MATCH(INDEX(LOL_LineTags,MATCH(C34,LOL_LineNumbers,0)),LineTags,0)),"") -> 14.0404
A35: =A34+1 -> 32 | B35: SP40-01-03-002 | C35: ='LIST OF LINES'!B23 -> 200-40-SS-BW-02 | D35: DV-202 | E35: Brine siphon - Effect 2 to Effect 3 | F35: BALL VALVE | G35: FLANGED | H35: NB15 | I35: Brine | K35: =IFERROR(INDEX(Pressures_bar,MATCH(INDEX(LOL_LineTags,MATCH(C35,LOL_LineNumbers,0)),LineTags,0)),IFERROR(INDEX(LOE_Pressures,MATCH(C35,LOE_EquipNames,0))/1000,INDEX(LOE_Pressures,MATCH(C35,LOE_EquipTags,0))/1000)) -> 0 | N35: =IFERROR(INDEX(Temperatures,MATCH(INDEX(LOL_LineTags,MATCH(C35,LOL_LineNumbers,0)),LineTags,0)),IFERROR(INDEX(LOE_Temperatures,MATCH(C35,LOE_EquipNames,0)),INDEX(LOE_Temperatures,MATCH(C35,LOE_EquipTags,0)))) -> 62.81 | Q35: =IFERROR(INDEX(FlowRates_kghr,MATCH(INDEX(LOL_LineTags,MATCH(C35,LOL_LineNumbers,0)),LineTags,0))/INDEX(Densities,MATCH(INDEX(LOL_LineTags,MATCH(C35,LOL_LineNumbers,0)),LineTags,0)),"") -> 28.76464
A36: =A35+1 -> 33 | B36: SP40-01-03-002 | C36: ='LIST OF LINES'!B24 -> 250-40-SS-BW-03 | D36: DV-203 | E36: Brine siphon - Effect 3 to Effect 4 | F36: BALL VALVE | G36: FLANGED | H36: NB15 | I36: Brine | K36: =IFERROR(INDEX(Pressures_bar,MATCH(INDEX(LOL_LineTags,MATCH(C36,LOL_LineNumbers,0)),LineTags,0)),IFERROR(INDEX(LOE_Pressures,MATCH(C36,LOE_EquipNames,0))/1000,INDEX(LOE_Pressures,MATCH(C36,LOE_EquipTags,0))/1000)) -> 0 | N36: =IFERROR(INDEX(Temperatures,MATCH(INDEX(LOL_LineTags,MATCH(C36,LOL_LineNumbers,0)),LineTags,0)),IFERROR(INDEX(LOE_Temperatures,MATCH(C36,LOE_EquipNames,0)),INDEX(LOE_Temperatures,MATCH(C36,LOE_EquipTags,0)))) -> 59.4 | Q36: =IFERROR(INDEX(FlowRates_kghr,MATCH(INDEX(LOL_LineTags,MATCH(C36,LOL_LineNumbers,0)),LineTags,0))/INDEX(Densities,MATCH(INDEX(LOL_LineTags,MATCH(C36,LOL_LineNumbers,0)),LineTags,0)),"") -> 43.99305
A37: =A36+1 -> 34 | B37: SP40-01-03-002 | C37: ='LIST OF LINES'!B25 -> 300-40-SS-BW-04 | D37: DV-204 | E37: Brine siphon - Effect 4 to Effect 5 | F37: BALL VALVE | G37: FLANGED | H37: NB15 | I37: Brine | K37: =IFERROR(INDEX(Pressures_bar,MATCH(INDEX(LOL_LineTags,MATCH(C37,LOL_LineNumbers,0)),LineTags,0)),IFERROR(INDEX(LOE_Pressures,MATCH(C37,LOE_EquipNames,0))/1000,INDEX(LOE_Pressures,MATCH(C37,LOE_EquipTags,0))/1000)) -> 0 | N37: =IFERROR(INDEX(Temperatures,MATCH(INDEX(LOL_LineTags,MATCH(C37,LOL_LineNumbers,0)),LineTags,0)),IFERROR(INDEX(LOE_Temperatures,MATCH(C37,LOE_EquipNames,0)),INDEX(LOE_Temperatures,MATCH(C37,LOE_EquipTags,0)))) -> 56.2 | Q37: =IFERROR(INDEX(FlowRates_kghr,MATCH(INDEX(LOL_LineTags,MATCH(C37,LOL_LineNumbers,0)),LineTags,0))/INDEX(Densities,MATCH(INDEX(LOL_LineTags,MATCH(C37,LOL_LineNumbers,0)),LineTags,0)),"") -> 59.659533
A38: =A37+1 -> 35 | B38: SP40-01-03-002 | C38: ='LIST OF LINES'!B26 -> 350-40-SS-BW-05 | D38: DV-205 | E38: Brine siphon - Effect 5 to Effect 6 | F38: BALL VALVE | G38: FLANGED | H38: NB15 | I38: Brine | K38: =IFERROR(INDEX(Pressures_bar,MATCH(INDEX(LOL_LineTags,MATCH(C38,LOL_LineNumbers,0)),LineTags,0)),IFERROR(INDEX(LOE_Pressures,MATCH(C38,LOE_EquipNames,0))/1000,INDEX(LOE_Pressures,MATCH(C38,LOE_EquipTags,0))/1000)) -> 0 | N38: =IFERROR(INDEX(Temperatures,MATCH(INDEX(LOL_LineTags,MATCH(C38,LOL_LineNumbers,0)),LineTags,0)),IFERROR(INDEX(LOE_Temperatures,MATCH(C38,LOE_EquipNames,0)),INDEX(LOE_Temperatures,MATCH(C38,LOE_EquipTags,0)))) -> 53.1 | Q38: =IFERROR(INDEX(FlowRates_kghr,MATCH(INDEX(LOL_LineTags,MATCH(C38,LOL_LineNumbers,0)),LineTags,0))/INDEX(Densities,MATCH(INDEX(LOL_LineTags,MATCH(C38,LOL_LineNumbers,0)),LineTags,0)),"") -> 75.396833
A39: =A38+1 -> 36 | B39: SP40-01-03-002 | C39: ='LIST OF LINES'!B27 -> 400-40-SS-BW-06 | D39: DV-206 | E39: Brine siphon - Effect 6 to Effect 7 | F39: BALL VALVE | G39: FLANGED | H39: NB15 | I39: Brine | K39: =IFERROR(INDEX(Pressures_bar,MATCH(INDEX(LOL_LineTags,MATCH(C39,LOL_LineNumbers,0)),LineTags,0)),IFERROR(INDEX(LOE_Pressures,MATCH(C39,LOE_EquipNames,0))/1000,INDEX(LOE_Pressures,MATCH(C39,LOE_EquipTags,0))/1000)) -> 0 | N39: =IFERROR(INDEX(Temperatures,MATCH(INDEX(LOL_LineTags,MATCH(C39,LOL_LineNumbers,0)),LineTags,0)),IFERROR(INDEX(LOE_Temperatures,MATCH(C39,LOE_EquipNames,0)),INDEX(LOE_Temperatures,MATCH(C39,LOE_EquipTags,0)))) -> 50 | Q39: =IFERROR(INDEX(FlowRates_kghr,MATCH(INDEX(LOL_LineTags,MATCH(C39,LOL_LineNumbers,0)),LineTags,0))/INDEX(Densities,MATCH(INDEX(LOL_LineTags,MATCH(C39,LOL_LineNumbers,0)),LineTags,0)),"") -> 91.063094
A40: =A39+1 -> 37 | B40: SP40-01-03-002 | C40: ='LIST OF LINES'!B28 -> 400-40-SS-BW-07 | D40: DV-207 | E40: Brine siphon - Effect 7 to Effect 8 | F40: BALL VALVE | G40: FLANGED | H40: NB15 | I40: Brine | K40: =IFERROR(INDEX(Pressures_bar,MATCH(INDEX(LOL_LineTags,MATCH(C40,LOL_LineNumbers,0)),LineTags,0)),IFERROR(INDEX(LOE_Pressures,MATCH(C40,LOE_EquipNames,0))/1000,INDEX(LOE_Pressures,MATCH(C40,LOE_EquipTags,0))/1000)) -> 0 | N40: =IFERROR(INDEX(Temperatures,MATCH(INDEX(LOL_LineTags,MATCH(C40,LOL_LineNumbers,0)),LineTags,0)),IFERROR(INDEX(LOE_Temperatures,MATCH(C40,LOE_EquipNames,0)),INDEX(LOE_Temperatures,MATCH(C40,LOE_EquipTags,0)))) -> 46.72 | Q40: =IFERROR(INDEX(FlowRates_kghr,MATCH(INDEX(LOL_LineTags,MATCH(C40,LOL_LineNumbers,0)),LineTags,0))/INDEX(Densities,MATCH(INDEX(LOL_LineTags,MATCH(C40,LOL_LineNumbers,0)),LineTags,0)),"") -> 107.25729
A41: =A40+1 -> 38 | B41: SP40-01-03-002 | C41: ='LIST OF LINES'!B29 -> 450-40-SS-BW-08 | D41: DV-208 | E41: Brine siphon - Effect 8 to Effect 9 | F41: BALL VALVE | G41: FLANGED | H41: NB15 | I41: Brine | K41: =IFERROR(INDEX(Pressures_bar,MATCH(INDEX(LOL_LineTags,MATCH(C41,LOL_LineNumbers,0)),LineTags,0)),IFERROR(INDEX(LOE_Pressures,MATCH(C41,LOE_EquipNames,0))/1000,INDEX(LOE_Pressures,MATCH(C41,LOE_EquipTags,0))/1000)) -> 0 | N41: =IFERROR(INDEX(Temperatures,MATCH(INDEX(LOL_LineTags,MATCH(C41,LOL_LineNumbers,0)),LineTags,0)),IFERROR(INDEX(LOE_Temperatures,MATCH(C41,LOE_EquipNames,0)),INDEX(LOE_Temperatures,MATCH(C41,LOE_EquipTags,0)))) -> 43.14 | Q41: =IFERROR(INDEX(FlowRates_kghr,MATCH(INDEX(LOL_LineTags,MATCH(C41,LOL_LineNumbers,0)),LineTags,0))/INDEX(Densities,MATCH(INDEX(LOL_LineTags,MATCH(C41,LOL_LineNumbers,0)),LineTags,0)),"") -> 122.91232
A42: =A41+1 -> 39 | B42: SP40-01-03-001 | C42: =LIST_OF_EQUIPMENT!$B$17 -> BT | D42: DV-210 | E42: Brine tank - Drain | F42: BALL VALVE | G42: FLANGED | H42: NB15 | I42: Brine | K42: =IFERROR(INDEX(Pressures_bar,MATCH(INDEX(LOL_LineTags,MATCH(C42,LOL_LineNumbers,0)),LineTags,0)),IFERROR(INDEX(LOE_Pressures,MATCH(C42,LOE_EquipNames,0))/1000,INDEX(LOE_Pressures,MATCH(C42,LOE_EquipTags,0))/1000)) -> 0.068 | N42: =IFERROR(INDEX(Temperatures,MATCH(INDEX(LOL_LineTags,MATCH(C42,LOL_LineNumbers,0)),LineTags,0)),IFERROR(INDEX(LOE_Temperatures,MATCH(C42,LOE_EquipNames,0)),INDEX(LOE_Temperatures,MATCH(C42,LOE_EquipTags,0)))) -> 39 | Q42: =IFERROR(INDEX(FlowRates_kghr,MATCH(INDEX(LOL_LineTags,MATCH(C42,LOL_LineNumbers,0)),LineTags,0))/INDEX(Densities,MATCH(INDEX(LOL_LineTags,MATCH(C42,LOL_LineNumbers,0)),LineTags,0)),"")
A43: =A42+1 -> 40 | B43: SP40-01-03-001 | C43: =LIST_OF_EQUIPMENT!$B$17 -> BT | D43: DV-211 | E43: LIT-202 - Drain | F43: BALL VALVE | G43: THREADED | H43: NB15 | I43: Brine | K43: =IFERROR(INDEX(Pressures_bar,MATCH(INDEX(LOL_LineTags,MATCH(C43,LOL_LineNumbers,0)),LineTags,0)),IFERROR(INDEX(LOE_Pressures,MATCH(C43,LOE_EquipNames,0))/1000,INDEX(LOE_Pressures,MATCH(C43,LOE_EquipTags,0))/1000)) -> 0.068 | N43: =IFERROR(INDEX(Temperatures,MATCH(INDEX(LOL_LineTags,MATCH(C43,LOL_LineNumbers,0)),LineTags,0)),IFERROR(INDEX(LOE_Temperatures,MATCH(C43,LOE_EquipNames,0)),INDEX(LOE_Temperatures,MATCH(C43,LOE_EquipTags,0)))) -> 39 | Q43: =IFERROR(INDEX(FlowRates_kghr,MATCH(INDEX(LOL_LineTags,MATCH(C43,LOL_LineNumbers,0)),LineTags,0))/INDEX(Densities,MATCH(INDEX(LOL_LineTags,MATCH(C43,LOL_LineNumbers,0)),LineTags,0)),"")
A44: =A43+1 -> 41 | B44: SP40-01-03-001 | C44: =LIST_OF_EQUIPMENT!$B$17 -> BT | D44: IV-213 | E44: LIT-202 - Isolation valve | F44: BALL VALVE | G44: FLANGED | H44: NB25 | I44: Brine | K44: =IFERROR(INDEX(Pressures_bar,MATCH(INDEX(LOL_LineTags,MATCH(C44,LOL_LineNumbers,0)),LineTags,0)),IFERROR(INDEX(LOE_Pressures,MATCH(C44,LOE_EquipNames,0))/1000,INDEX(LOE_Pressures,MATCH(C44,LOE_EquipTags,0))/1000)) -> 0.068 | N44: =IFERROR(INDEX(Temperatures,MATCH(INDEX(LOL_LineTags,MATCH(C44,LOL_LineNumbers,0)),LineTags,0)),IFERROR(INDEX(LOE_Temperatures,MATCH(C44,LOE_EquipNames,0)),INDEX(LOE_Temperatures,MATCH(C44,LOE_EquipTags,0)))) -> 39 | Q44: =IFERROR(INDEX(FlowRates_kghr,MATCH(INDEX(LOL_LineTags,MATCH(C44,LOL_LineNumbers,0)),LineTags,0))/INDEX(Densities,MATCH(INDEX(LOL_LineTags,MATCH(C44,LOL_LineNumbers,0)),LineTags,0)),"")
A45: =A44+1 -> 42 | B45: SP40-01-03-001 | C45: =LIST_OF_EQUIPMENT!$B$17 -> BT | D45: IV-214 | E45: LIT-202 - Isolation valve | F45: BALL VALVE | G45: FLANGED | H45: NB25 | I45: Brine | K45: =IFERROR(INDEX(Pressures_bar,MATCH(INDEX(LOL_LineTags,MATCH(C45,LOL_LineNumbers,0)),LineTags,0)),IFERROR(INDEX(LOE_Pressures,MATCH(C45,LOE_EquipNames,0))/1000,INDEX(LOE_Pressures,MATCH(C45,LOE_EquipTags,0))/1000)) -> 0.068 | N45: =IFERROR(INDEX(Temperatures,MATCH(INDEX(LOL_LineTags,MATCH(C45,LOL_LineNumbers,0)),LineTags,0)),IFERROR(INDEX(LOE_Temperatures,MATCH(C45,LOE_EquipNames,0)),INDEX(LOE_Temperatures,MATCH(C45,LOE_EquipTags,0)))) -> 39 | Q45: =IFERROR(INDEX(FlowRates_kghr,MATCH(INDEX(LOL_LineTags,MATCH(C45,LOL_LineNumbers,0)),LineTags,0))/INDEX(Densities,MATCH(INDEX(LOL_LineTags,MATCH(C45,LOL_LineNumbers,0)),LineTags,0)),"")
A46: =A45+1 -> 43 | B46: SP40-01-03-001 | C46: ='LIST OF LINES'!$B$31 -> ID800-8THK-SS-BW-10 | D46: BFV-201 | E46: Isolation valve | F46: BUTTERFLY VALVE | G46: FLANGED | H46: ID800 | I46: Brine | K46: =IFERROR(INDEX(Pressures_bar,MATCH(INDEX(LOL_LineTags,MATCH(C46,LOL_LineNumbers,0)),LineTags,0)),IFERROR(INDEX(LOE_Pressures,MATCH(C46,LOE_EquipNames,0))/1000,INDEX(LOE_Pressures,MATCH(C46,LOE_EquipTags,0))/1000)) -> 2.5 | N46: =IFERROR(INDEX(Temperatures,MATCH(INDEX(LOL_LineTags,MATCH(C46,LOL_LineNumbers,0)),LineTags,0)),IFERROR(INDEX(LOE_Temperatures,MATCH(C46,LOE_EquipNames,0)),INDEX(LOE_Temperatures,MATCH(C46,LOE_EquipTags,0)))) -> 39.070967 | Q46: =IFERROR(INDEX(FlowRates_kghr,MATCH(INDEX(LOL_LineTags,MATCH(C46,LOL_LineNumbers,0)),LineTags,0))/INDEX(Densities,MATCH(INDEX(LOL_LineTags,MATCH(C46,LOL_LineNumbers,0)),LineTags,0)),"") -> 137.92182
A47: =A46+1 -> 44 | B47: SP40-01-03-001 | C47: ='LIST OF LINES'!$B$31 -> ID800-8THK-SS-BW-10 | D47: BFV-202 | E47: Isolation valve | F47: BUTTERFLY VALVE | G47: FLANGED | H47: ID800 | I47: Brine | K47: =IFERROR(INDEX(Pressures_bar,MATCH(INDEX(LOL_LineTags,MATCH(C47,LOL_LineNumbers,0)),LineTags,0)),IFERROR(INDEX(LOE_Pressures,MATCH(C47,LOE_EquipNames,0))/1000,INDEX(LOE_Pressures,MATCH(C47,LOE_EquipTags,0))/1000)) -> 2.5 | N47: =IFERROR(INDEX(Temperatures,MATCH(INDEX(LOL_LineTags,MATCH(C47,LOL_LineNumbers,0)),LineTags,0)),IFERROR(INDEX(LOE_Temperatures,MATCH(C47,LOE_EquipNames,0)),INDEX(LOE_Temperatures,MATCH(C47,LOE_EquipTags,0)))) -> 39.070967 | Q47: =IFERROR(INDEX(FlowRates_kghr,MATCH(INDEX(LOL_LineTags,MATCH(C47,LOL_LineNumbers,0)),LineTags,0))/INDEX(Densities,MATCH(INDEX(LOL_LineTags,MATCH(C47,LOL_LineNumbers,0)),LineTags,0)),"") -> 137.92182
A48: =A47+1 -> 45 | B48: SP40-01-03-001 | C48: ='LIST OF LINES'!$B$31 -> ID800-8THK-SS-BW-10 | D48: DV-212 | E48: ST-201 Drain valve | F48: BALL VALVE | G48: FLANGED | H48: NB15 | I48: Brine | K48: =IFERROR(INDEX(Pressures_bar,MATCH(INDEX(LOL_LineTags,MATCH(C48,LOL_LineNumbers,0)),LineTags,0)),IFERROR(INDEX(LOE_Pressures,MATCH(C48,LOE_EquipNames,0))/1000,INDEX(LOE_Pressures,MATCH(C48,LOE_EquipTags,0))/1000)) -> 2.5 | N48: =IFERROR(INDEX(Temperatures,MATCH(INDEX(LOL_LineTags,MATCH(C48,LOL_LineNumbers,0)),LineTags,0)),IFERROR(INDEX(LOE_Temperatures,MATCH(C48,LOE_EquipNames,0)),INDEX(LOE_Temperatures,MATCH(C48,LOE_EquipTags,0)))) -> 39.070967 | Q48: =IFERROR(INDEX(FlowRates_kghr,MATCH(INDEX(LOL_LineTags,MATCH(C48,LOL_LineNumbers,0)),LineTags,0))/INDEX(Densities,MATCH(INDEX(LOL_LineTags,MATCH(C48,LOL_LineNumbers,0)),LineTags,0)),"") -> 137.92182
A49: =A48+1 -> 46 | B49: SP40-01-03-001 | C49: ='LIST OF LINES'!$B$31 -> ID800-8THK-SS-BW-10 | D49: DV-213 | E49: ST-202 Drain valve | F49: BALL VALVE | G49: FLANGED | H49: NB16 | I49: Brine | K49: =IFERROR(INDEX(Pressures_bar,MATCH(INDEX(LOL_LineTags,MATCH(C49,LOL_LineNumbers,0)),LineTags,0)),IFERROR(INDEX(LOE_Pressures,MATCH(C49,LOE_EquipNames,0))/1000,INDEX(LOE_Pressures,MATCH(C49,LOE_EquipTags,0))/1000)) -> 2.5 | N49: =IFERROR(INDEX(Temperatures,MATCH(INDEX(LOL_LineTags,MATCH(C49,LOL_LineNumbers,0)),LineTags,0)),IFERROR(INDEX(LOE_Temperatures,MATCH(C49,LOE_EquipNames,0)),INDEX(LOE_Temperatures,MATCH(C49,LOE_EquipTags,0)))) -> 39.070967 | Q49: =IFERROR(INDEX(FlowRates_kghr,MATCH(INDEX(LOL_LineTags,MATCH(C49,LOL_LineNumbers,0)),LineTags,0))/INDEX(Densities,MATCH(INDEX(LOL_LineTags,MATCH(C49,LOL_LineNumbers,0)),LineTags,0)),"") -> 137.92182
A50: =A49+1 -> 47 | B50: SP40-01-03-001 | C50: ='LIST OF LINES'!$B$32 -> XX-XX-SS-BW-11 | D50: IV-215 | E50: PG-201 - Isolation valve | F50: BALL VALVE | G50: THREADED | H50: NB16 | I50: Brine | K50: =IFERROR(INDEX(Pressures_bar,MATCH(INDEX(LOL_LineTags,MATCH(C50,LOL_LineNumbers,0)),LineTags,0)),IFERROR(INDEX(LOE_Pressures,MATCH(C50,LOE_EquipNames,0))/1000,INDEX(LOE_Pressures,MATCH(C50,LOE_EquipTags,0))/1000)) -> 2.5 | N50: =IFERROR(INDEX(Temperatures,MATCH(INDEX(LOL_LineTags,MATCH(C50,LOL_LineNumbers,0)),LineTags,0)),IFERROR(INDEX(LOE_Temperatures,MATCH(C50,LOE_EquipNames,0)),INDEX(LOE_Temperatures,MATCH(C50,LOE_EquipTags,0)))) -> 37.44739 | Q50: =IFERROR(INDEX(FlowRates_kghr,MATCH(INDEX(LOL_LineTags,MATCH(C50,LOL_LineNumbers,0)),LineTags,0))/INDEX(Densities,MATCH(INDEX(LOL_LineTags,MATCH(C50,LOL_LineNumbers,0)),LineTags,0)),"")
A51: =A50+1 -> 48 | B51: SP40-01-03-001 | C51: ='LIST OF LINES'!$B$32 -> XX-XX-SS-BW-11 | D51: IV-216 | E51: PG-202 - Isolation valve | F51: BALL VALVE | G51: THREADED | H51: NB16 | I51: Brine | K51: =IFERROR(INDEX(Pressures_bar,MATCH(INDEX(LOL_LineTags,MATCH(C51,LOL_LineNumbers,0)),LineTags,0)),IFERROR(INDEX(LOE_Pressures,MATCH(C51,LOE_EquipNames,0))/1000,INDEX(LOE_Pressures,MATCH(C51,LOE_EquipTags,0))/1000)) -> 2.5 | N51: =IFERROR(INDEX(Temperatures,MATCH(INDEX(LOL_LineTags,MATCH(C51,LOL_LineNumbers,0)),LineTags,0)),IFERROR(INDEX(LOE_Temperatures,MATCH(C51,LOE_EquipNames,0)),INDEX(LOE_Temperatures,MATCH(C51,LOE_EquipTags,0)))) -> 37.44739 | Q51: =IFERROR(INDEX(FlowRates_kghr,MATCH(INDEX(LOL_LineTags,MATCH(C51,LOL_LineNumbers,0)),LineTags,0))/INDEX(Densities,MATCH(INDEX(LOL_LineTags,MATCH(C51,LOL_LineNumbers,0)),LineTags,0)),"")
A52: =A51+1 -> 49 | B52: SP40-01-03-001 | C52: ='LIST OF LINES'!$B$32 -> XX-XX-SS-BW-11 | D52: NRV-210 | E52: BP SKID - Discharge side | F52: NON RETURN VALVE | G52: FLANGED | H52: HOLD | I52: Brine | K52: =IFERROR(INDEX(Pressures_bar,MATCH(INDEX(LOL_LineTags,MATCH(C52,LOL_LineNumbers,0)),LineTags,0)),IFERROR(INDEX(LOE_Pressures,MATCH(C52,LOE_EquipNames,0))/1000,INDEX(LOE_Pressures,MATCH(C52,LOE_EquipTags,0))/1000)) -> 2.5 | N52: =IFERROR(INDEX(Temperatures,MATCH(INDEX(LOL_LineTags,MATCH(C52,LOL_LineNumbers,0)),LineTags,0)),IFERROR(INDEX(LOE_Temperatures,MATCH(C52,LOE_EquipNames,0)),INDEX(LOE_Temperatures,MATCH(C52,LOE_EquipTags,0)))) -> 37.44739 | Q52: =IFERROR(INDEX(FlowRates_kghr,MATCH(INDEX(LOL_LineTags,MATCH(C52,LOL_LineNumbers,0)),LineTags,0))/INDEX(Densities,MATCH(INDEX(LOL_LineTags,MATCH(C52,LOL_LineNumbers,0)),LineTags,0)),"")
A53: =A52+1 -> 50 | B53: SP40-01-03-001 | C53: ='LIST OF LINES'!$B$32 -> XX-XX-SS-BW-11 | D53: NRV-211 | E53: BP SKID - Discharge side | F53: NON RETURN VALVE | G53: FLANGED | H53: HOLD | I53: Brine | K53: =IFERROR(INDEX(Pressures_bar,MATCH(INDEX(LOL_LineTags,MATCH(C53,LOL_LineNumbers,0)),LineTags,0)),IFERROR(INDEX(LOE_Pressures,MATCH(C53,LOE_EquipNames,0))/1000,INDEX(LOE_Pressures,MATCH(C53,LOE_EquipTags,0))/1000)) -> 2.5 | N53: =IFERROR(INDEX(Temperatures,MATCH(INDEX(LOL_LineTags,MATCH(C53,LOL_LineNumbers,0)),LineTags,0)),IFERROR(INDEX(LOE_Temperatures,MATCH(C53,LOE_EquipNames,0)),INDEX(LOE_Temperatures,MATCH(C53,LOE_EquipTags,0)))) -> 37.44739 | Q53: =IFERROR(INDEX(FlowRates_kghr,MATCH(INDEX(LOL_LineTags,MATCH(C53,LOL_LineNumbers,0)),LineTags,0))/INDEX(Densities,MATCH(INDEX(LOL_LineTags,MATCH(C53,LOL_LineNumbers,0)),LineTags,0)),"")
A54: =A53+1 -> 51 | B54: SP40-01-03-001 | C54: ='LIST OF LINES'!$B$32 -> XX-XX-SS-BW-11 | D54: BV-201 | E54: BP SKID - Discharge side | F54: BALL VALVE | G54: FLANGED | H54: HOLD | I54: Brine | K54: =IFERROR(INDEX(Pressures_bar,MATCH(INDEX(LOL_LineTags,MATCH(C54,LOL_LineNumbers,0)),LineTags,0)),IFERROR(INDEX(LOE_Pressures,MATCH(C54,LOE_EquipNames,0))/1000,INDEX(LOE_Pressures,MATCH(C54,LOE_EquipTags,0))/1000)) -> 2.5 | N54: =IFERROR(INDEX(Temperatures,MATCH(INDEX(LOL_LineTags,MATCH(C54,LOL_LineNumbers,0)),LineTags,0)),IFERROR(INDEX(LOE_Temperatures,MATCH(C54,LOE_EquipNames,0)),INDEX(LOE_Temperatures,MATCH(C54,LOE_EquipTags,0)))) -> 37.44739 | Q54: =IFERROR(INDEX(FlowRates_kghr,MATCH(INDEX(LOL_LineTags,MATCH(C54,LOL_LineNumbers,0)),LineTags,0))/INDEX(Densities,MATCH(INDEX(LOL_LineTags,MATCH(C54,LOL_LineNumbers,0)),LineTags,0)),"")
A55: =A54+1 -> 52 | B55: SP40-01-03-001 | C55: ='LIST OF LINES'!$B$32 -> XX-XX-SS-BW-11 | D55: BV-202 | E55: BP SKID - Discharge side | F55: BALL VALVE | G55: FLANGED | H55: HOLD | I55: Brine | K55: =IFERROR(INDEX(Pressures_bar,MATCH(INDEX(LOL_LineTags,MATCH(C55,LOL_LineNumbers,0)),LineTags,0)),IFERROR(INDEX(LOE_Pressures,MATCH(C55,LOE_EquipNames,0))/1000,INDEX(LOE_Pressures,MATCH(C55,LOE_EquipTags,0))/1000)) -> 2.5 | N55: =IFERROR(INDEX(Temperatures,MATCH(INDEX(LOL_LineTags,MATCH(C55,LOL_LineNumbers,0)),LineTags,0)),IFERROR(INDEX(LOE_Temperatures,MATCH(C55,LOE_EquipNames,0)),INDEX(LOE_Temperatures,MATCH(C55,LOE_EquipTags,0)))) -> 37.44739 | Q55: =IFERROR(INDEX(FlowRates_kghr,MATCH(INDEX(LOL_LineTags,MATCH(C55,LOL_LineNumbers,0)),LineTags,0))/INDEX(Densities,MATCH(INDEX(LOL_LineTags,MATCH(C55,LOL_LineNumbers,0)),LineTags,0)),"")
A56: =A55+1 -> 53 | B56: SP40-01-03-001 | C56: ='LIST OF LINES'!$B$32 -> XX-XX-SS-BW-11 | D56: IV-217 | E56: PSL-201 | F56: BALL VALVE | G56: THREADED | H56: NB15 | I56: Brine | K56: =IFERROR(INDEX(Pressures_bar,MATCH(INDEX(LOL_LineTags,MATCH(C56,LOL_LineNumbers,0)),LineTags,0)),IFERROR(INDEX(LOE_Pressures,MATCH(C56,LOE_EquipNames,0))/1000,INDEX(LOE_Pressures,MATCH(C56,LOE_EquipTags,0))/1000)) -> 2.5 | N56: =IFERROR(INDEX(Temperatures,MATCH(INDEX(LOL_LineTags,MATCH(C56,LOL_LineNumbers,0)),LineTags,0)),IFERROR(INDEX(LOE_Temperatures,MATCH(C56,LOE_EquipNames,0)),INDEX(LOE_Temperatures,MATCH(C56,LOE_EquipTags,0)))) -> 37.44739 | Q56: =IFERROR(INDEX(FlowRates_kghr,MATCH(INDEX(LOL_LineTags,MATCH(C56,LOL_LineNumbers,0)),LineTags,0))/INDEX(Densities,MATCH(INDEX(LOL_LineTags,MATCH(C56,LOL_LineNumbers,0)),LineTags,0)),"")
A57: =A56+1 -> 54 | B57: SP40-01-03-001 | C57: ='LIST OF LINES'!$B$32 -> XX-XX-SS-BW-11 | D57: IV-218 | E57: PIT-211 | F57: BALL VALVE | G57: THREADED | H57: NB15 | I57: Brine | K57: =IFERROR(INDEX(Pressures_bar,MATCH(INDEX(LOL_LineTags,MATCH(C57,LOL_LineNumbers,0)),LineTags,0)),IFERROR(INDEX(LOE_Pressures,MATCH(C57,LOE_EquipNames,0))/1000,INDEX(LOE_Pressures,MATCH(C57,LOE_EquipTags,0))/1000)) -> 2.5 | N57: =IFERROR(INDEX(Temperatures,MATCH(INDEX(LOL_LineTags,MATCH(C57,LOL_LineNumbers,0)),LineTags,0)),IFERROR(INDEX(LOE_Temperatures,MATCH(C57,LOE_EquipNames,0)),INDEX(LOE_Temperatures,MATCH(C57,LOE_EquipTags,0)))) -> 37.44739 | Q57: =IFERROR(INDEX(FlowRates_kghr,MATCH(INDEX(LOL_LineTags,MATCH(C57,LOL_LineNumbers,0)),LineTags,0))/INDEX(Densities,MATCH(INDEX(LOL_LineTags,MATCH(C57,LOL_LineNumbers,0)),LineTags,0)),"")
A58: =A57+1 -> 55 | B58: SP40-01-03-002 | C58: ='LIST OF LINES'!$B$33 -> 200-40-SS-BW-12 | D58: IV-219 | E58: PIT-212 | F58: BALL VALVE | G58: THREADED | H58: NB15 | I58: Brine | K58: =IFERROR(INDEX(Pressures_bar,MATCH(INDEX(LOL_LineTags,MATCH(C58,LOL_LineNumbers,0)),LineTags,0)),IFERROR(INDEX(LOE_Pressures,MATCH(C58,LOE_EquipNames,0))/1000,INDEX(LOE_Pressures,MATCH(C58,LOE_EquipTags,0))/1000)) -> 2.5 | N58: =IFERROR(INDEX(Temperatures,MATCH(INDEX(LOL_LineTags,MATCH(C58,LOL_LineNumbers,0)),LineTags,0)),IFERROR(INDEX(LOE_Temperatures,MATCH(C58,LOE_EquipNames,0)),INDEX(LOE_Temperatures,MATCH(C58,LOE_EquipTags,0)))) -> 37.44739 | Q58: =IFERROR(INDEX(FlowRates_kghr,MATCH(INDEX(LOL_LineTags,MATCH(C58,LOL_LineNumbers,0)),LineTags,0))/INDEX(Densities,MATCH(INDEX(LOL_LineTags,MATCH(C58,LOL_LineNumbers,0)),LineTags,0)),"")
A59: =A58+1 -> 56 | B59: SP40-01-03-001 | C59: ='LIST OF LINES'!$B$33 -> 200-40-SS-BW-12 | D59: IV-220 | E59: CIT-201 | F59: BALL VALVE | G59: THREADED | H59: NB15 | I59: Brine | K59: =IFERROR(INDEX(Pressures_bar,MATCH(INDEX(LOL_LineTags,MATCH(C59,LOL_LineNumbers,0)),LineTags,0)),IFERROR(INDEX(LOE_Pressures,MATCH(C59,LOE_EquipNames,0))/1000,INDEX(LOE_Pressures,MATCH(C59,LOE_EquipTags,0))/1000)) -> 2.5 | N59: =IFERROR(INDEX(Temperatures,MATCH(INDEX(LOL_LineTags,MATCH(C59,LOL_LineNumbers,0)),LineTags,0)),IFERROR(INDEX(LOE_Temperatures,MATCH(C59,LOE_EquipNames,0)),INDEX(LOE_Temperatures,MATCH(C59,LOE_EquipTags,0)))) -> 37.44739 | Q59: =IFERROR(INDEX(FlowRates_kghr,MATCH(INDEX(LOL_LineTags,MATCH(C59,LOL_LineNumbers,0)),LineTags,0))/INDEX(Densities,MATCH(INDEX(LOL_LineTags,MATCH(C59,LOL_LineNumbers,0)),LineTags,0)),"")
A60: =A59+1 -> 57 | B60: SP40-01-03-002 | C60: ='LIST OF LINES'!$B$33 -> 200-40-SS-BW-12 | D60: MOV-210 | F60: MOTORIZED GLOBE VALVE | G60: FLANGED | H60: NB200 | I60: Brine | K60: =IFERROR(INDEX(Pressures_bar,MATCH(INDEX(LOL_LineTags,MATCH(C60,LOL_LineNumbers,0)),LineTags,0)),IFERROR(INDEX(LOE_Pressures,MATCH(C60,LOE_EquipNames,0))/1000,INDEX(LOE_Pressures,MATCH(C60,LOE_EquipTags,0))/1000)) -> 2.5 | N60: =IFERROR(INDEX(Temperatures,MATCH(INDEX(LOL_LineTags,MATCH(C60,LOL_LineNumbers,0)),LineTags,0)),IFERROR(INDEX(LOE_Temperatures,MATCH(C60,LOE_EquipNames,0)),INDEX(LOE_Temperatures,MATCH(C60,LOE_EquipTags,0)))) -> 37.44739 | Q60: =IFERROR(INDEX(FlowRates_kghr,MATCH(INDEX(LOL_LineTags,MATCH(C60,LOL_LineNumbers,0)),LineTags,0))/INDEX(Densities,MATCH(INDEX(LOL_LineTags,MATCH(C60,LOL_LineNumbers,0)),LineTags,0)),"")
A61: =A60+1 -> 58 | B61: SP40-01-03-002 | C61: ='LIST OF LINES'!B35 -> 150-40-SS-BW-14 | D61: IV-210 | E61: PIT-210 | F61: BALL VALVE | G61: THREADED | H61: NB15 | I61: Brine | K61: =IFERROR(INDEX(Pressures_bar,MATCH(INDEX(LOL_LineTags,MATCH(C61,LOL_LineNumbers,0)),LineTags,0)),IFERROR(INDEX(LOE_Pressures,MATCH(C61,LOE_EquipNames,0))/1000,INDEX(LOE_Pressures,MATCH(C61,LOE_EquipTags,0))/1000)) -> 2.5 | N61: =IFERROR(INDEX(Temperatures,MATCH(INDEX(LOL_LineTags,MATCH(C61,LOL_LineNumbers,0)),LineTags,0)),IFERROR(INDEX(LOE_Temperatures,MATCH(C61,LOE_EquipNames,0)),INDEX(LOE_Temperatures,MATCH(C61,LOE_EquipTags,0)))) -> 37.44739 | Q61: =IFERROR(INDEX(FlowRates_kghr,MATCH(INDEX(LOL_LineTags,MATCH(C61,LOL_LineNumbers,0)),LineTags,0))/INDEX(Densities,MATCH(INDEX(LOL_LineTags,MATCH(C61,LOL_LineNumbers,0)),LineTags,0)),"") -> 65.487079
